:020000040800F2
:10000000A84700200D03000889600008D14E0008B1
:100010005D5F0008951800080DA4000800000000AE
:10002000000000000000000000000000999100089E
:100030009918000800000000FB030008B1950008B3
:1000400027030008270300082703000827030008E8
:1000500027030008270300082703000827030008D8
:1000600027030008270300082703000827030008C8
:1000700027030008270300082703000827030008B8
:1000800027030008270300082703000800000000DA
:10009000000000000000000000000000270300082E
:1000A0002703000827030008270300082703000888
:1000B000C596000827030008270300082703000847
:1000C0002703000827030008270300082703000868
:1000D0002703000881A20008270300080000000091
:1000E000270300082703000827030008000000007A
:1000F00000000000000000000000000027030008CE
:100100000000000027030008270300082703000859
:1001100000000000000000000000000000000000DF
:100120002703000827030008270300082703000807
:10013000270300080000000000000000000000008D
:10014000000000000000000000000000270300087D
:1001500027030008270300082703000827030008D7
:10016000270300082703000800000000000000002B
:10017000000000000000000000000000000000007F
:10018000000000002703000800000000000000003D
:100190002703000800F002F800F0A8F814A696E87B
:1001A000000CB244B344DA4501D100F09FF8BAE83C
:1001B0000F000FA696E83000A5EB040504EB060738
:1001C000AAEB0704A7F101074FEA15154FEA34140B
:1001D000A4F10104AC4201D300F088F813F0010F40
:1001E00018BFFB1A43F0010300F001F8DBE71847E2
:1001F00000BA000020BA0000103A24BF78C878C1C5
:10020000FAD8520724BF30C830C144BF04680C601C
:1002100070470000704700000023002400250026DE
:10022000103A28BF78C1FBD8520728BF30C148BF59
:100230000B6070476E2900F0E782702900F02B8474
:1002400066290BF08E8265290BF08B8267290BF0F3
:10025000888261290BF0878203681B0A28BF41F05E
:100260008001692900F09482642900F09182752947
:1002700000F08E826F2900F0B983782900F0F783AF
:10028000E92900F05383E42900F05083F52900F0B8
:100290004D83EF2900F0B683F82900F0F683036858
:1002A000DB0928BF41F08001632901F0298173290E
:1002B00001F02E81E32901F03981F32901F03E811B
:1002C000002070471FB50BF03FFA01F08DF90400D4
:1002D000002000210BF022FA401C60600020002169
:1002E0000BF006FAE0601FBD10B510BD01F04EF92D
:1002F0001146FFF7E7FF0AF0D5FD01F02BFA03B432
:10030000FFF7F2FF03BC01F071FA000009488047D3
:1003100009480047FEE7FEE7FEE7FEE7FEE7FEE7E7
:10032000FEE7FEE7FEE7FEE704480549054A064BFF
:1003300070470000B196000895010008A841002010
:10034000A8470020A8430020A8430020EFF309811C
:1003500021B120ED108A42490A6810607047B0EC64
:10036000108A40490A681060704772B602B4EFF311
:10037000118180F31188BFF34F8FBFF36F8F084651
:1003800002BC62B6704772B680F31188BFF34F8F1C
:10039000BFF36F8F62B6704772B633484FF0FF01FC
:1003A0000170002080F309883048016881F30888D3
:1003B00006F0A2FE2E48012101702E482E490A782F
:1003C0000270274827490A680260106880F309888C
:1003D000EFF3148040F0020080F31488BFF36F8FB6
:1003E000BDE8F04F0FBCBDE8005006BC62B6084740
:1003F00022484FF080510160704772B641F6040206
:10040000C2F20002116881F31188BFF34F8FBFF36E
:100410006F8F62B6EFF3098020E9F04F104D296825
:100420000860744606F068FE124813490A780270A4
:100430000C490A682A6044F0040E1068B0E8F04FD6
:1004400080F3098840F20002C0F2000272B682F323
:100450001188BFF34F8FBFF36F8F62B670470000F4
:10046000F80600200007002022ED00E00018002020
:10047000F5060020840600208506002004ED00E03B
:1004800053EA020C00F069802DE9F04B4FF00006B2
:10049000002B1FBFB3FA83F503FA05F424FA05F61F
:1004A0005E4012BF1643B2FA82F502FA05F4C5F1B6
:1004B00020051EBF22FA05FC44EA0C04203556EA4A
:1004C000044C4FEA144418BF641C4FF000084FF06E
:1004D0000009904271EB030C39D3002919BFB1FA1E
:1004E00081F701FA07F6B0FA80F700FA07F6C7F1CC
:1004F00020071EBF20FA07FC46EA0C062037B6FB91
:10050000F4FCA7EB0507103F07F01F0BCBF120060B
:100510002CFA06F60CFA0BFB44BFB3460026202F3C
:10052000A4BF5E464FF0000B5BEA060C08BF4FF01D
:10053000010B19EB0B0948EB0608ABFB027C06FB31
:1005400002CC0BFB03CCC01B71EB0C01C1E70B46CB
:10055000024641464846BDE8F08B13B5084318BF34
:100560004FF0FF300146AFF30080BDE81C407047FC
:100570000FB41CB50C0007AA009007D04142A1425D
:1005800002D32044401E01E04FF0FF30074B7B4474
:1005900069460190069800F050F90021002C01D026
:1005A000009A11701CBC5DF814FB0000CF02000023
:1005B00010B5431C02E010F8011B71B18107FAD19C
:1005C0004FF0013202C88C1A8C4314EAC211F9D0E0
:1005D000C01A0A0603D0C01E10BDC01A10BD0A04FE
:1005E00001D0801E10BD0902FCD0401E10BD032AA0
:1005F00040F2308010F0030C00F0158011F8013B40
:10060000BCF1020F624498BF11F801CB00F8013B26
:1006100038BF11F8013BA2F1040298BF00F801CBEA
:1006200038BF00F8013B11F0030300F00383083AE0
:10063000C0F0088051F8043B083A51F804CBA0E818
:100640000810F5E7121D5CBF51F8043B40F8043B6D
:10065000AFF30080D20724BF11F8013B11F801CBA2
:1006600048BF11F8012B24BF00F8013B00F801CB73
:1006700048BF00F8012B70474FF0000200B5134649
:1006800094469646203922BFA0E80C50A0E80C50B2
:10069000B1F12001BFF4F7AF090728BFA0E80C5063
:1006A00048BF0CC05DF804EB890028BF40F8042B5C
:1006B00008BF704748BF20F8022B11F0804F18BFC9
:1006C00000F8012B704770477047704770B50446BB
:1006D00085690068C10601D5302600E02026C007E4
:1006E00007D070BDD4E9012130469047206A401CF4
:1006F00020626D1EF6D570BD70B504468569007820
:10070000C00707D170BDD4E9012120209047206A9D
:10071000401C20626D1EF6D570BD09684A0501D5E2
:1007200040B27047C905FCD500B2704709684A0558
:1007300001D5C0B27047C905FCD580B2704770B50D
:100740000C460546012A05D02878800600D5EA69BE
:10075000002302E0012305E05B1C934202D2E05C2F
:100760000028F9D1A869E618C01AA861286A1844B7
:1007700028622846FFF7AAFF04E0D5E9012114F812
:10078000010B9047B442F8D32846FFF7B5FF70BD80
:100790002DE9F0410646002410687529314616A55A
:1007A00010D0FFF7BAFF002802DA404213A507E095
:1007B00031688A0701D512A502E0490704D511A5C1
:1007C000012401E0FFF7B2FF00210A2206F124070D
:1007D00009E0B0FBF2FCB0FBF2F302FB1C0030308E
:1007E00078541846491C0028F3D123462A4630463F
:1007F000BDE8F04100F095BA000000002D000000B7
:100800002B0000002000000011680268006A5305F8
:1008100001D508700AE0D30501D5088006E013066B
:1008200003D5C217C1E9000200E00860012070474B
:1008300001694A1C02610878704700B58FB0CDE9A4
:1008400001310021059105497944CDE90310114694
:10085000684600F02BF90FB000BD0000E5FFFFFF78
:10086000D1E900239A4202D2531C0B6010707047EA
:100870002DE9FF5F15468A460446DFF8AC80F84450
:100880000027D8E900103E46CDE9001010E03AF804
:1008900016106A4602A800F055FE411C07D02178C8
:1008A000890603D5E269391891420DD80744761CB0
:1008B0002078800602D5E069B84205DDAE42E6DB6D
:1008C0003AF816000028E2D1A069C01BA0612046BA
:1008D000FFF7FCFED8E90010CDE90010002017E07A
:1008E0003AF818106A4602A800F02CFEB0F1FF3F5B
:1008F00081460BD000250DF1080B05E0D4E901215C
:100900001BF8050090476D1C4D45F7D308F1010019
:10091000B0428046E4DB206A384420622046FFF77C
:10092000EBFEBDE8FF9F0000EAAE00002DE9F041BC
:100930008046D21D22F007020025D2E90002F529E7
:1009400015A614D0011E72F1000106DA0023D0EBC7
:10095000030063EB020211A608E0D8F800108B0731
:1009600001D50FA602E0490701D50EA601251146C3
:10097000002408F1240704E000F08EF930323A55E3
:10098000641C50EA0102F7D12B463246214640460C
:10099000BDE8F04100F0C5B9000000002D000000E6
:1009A0002B0000002000000030B4002100F12404DE
:1009B00008E002F00705D208303542EA4372DB084E
:1009C0006554491C52EA0305F3D10468002310A2C0
:1009D000250708D504F020040C4304D0C469012382
:1009E0000CA2641EC46130BC00F09BB910B5044673
:1009F00021461068FFF79AFE02462046BDE81040E7
:100A00000023D1E7D21D22F00701D1E90023CBE773
:100A10000000000030000000F0B40D460188090518
:100A200002D5214C7C4402E01F4C7C440E34002152
:100A300000F1240608E002F00F071209E75D42EA20
:100A400003721B097754491C52EA0307F3D1027859
:100A50000023120704D5702D06D009B102231134EA
:100A60002246F0BC00F05DB901231034F8E770B500
:100A700004460D4621461068FFF758FE02462946F7
:100A80002046BDE870400023C6E7D21D22F00703D0
:100A9000D3E90023C0E70368126843F02003036032
:100AA0000823C3610023B7E74CAD00002DE9F05FD8
:100AB000894604464FF0000ADFF874B1FB44C0F8E1
:100AC00020A02046E1688847002874D0252806D059
:100AD000D4E901219047206A401C2062F1E70026FA
:100AE0005F462046E16888472028054607DB312D10
:100AF00005D2781910F8200C08B10643F1E7B007C9
:100B000001D526F00406C4F81CA00027C4F818A0DC
:100B10002A2D09D028460AF0E3FD38B304EB8708F4
:100B2000303DC8F8185019E059F8041B204604EB72
:100B300087029161E1688847012F054618D1E06975
:100B4000002820DA26F020061DE0D8F8180000EB77
:100B5000800005EB40003038C8F818002046E168F6
:100B6000884705460AF0BCFD0028EED1012F0AD0C7
:100B70002E2D08D12046E16888477F1C0546022FAC
:100B800046F02006C4DBA069002803DA404246F0A4
:100B90000106A061F00701D026F010066C2D0BD0E5
:100BA000682D09D04C2D39D06A2D35D0742D35D013
:100BB0007A2D33D016E038E0E1682F46204688478A
:100BC000B842054609D16C2F26D04FF48060E16809
:100BD000064320468847054604E06C2F1AD04FF4A0
:100BE000807006430DB3A5F14100192802D82035C5
:100BF00046F400664A462946204626604E46FFF7E0
:100C000019FB80B101280BD0F61D26F0070000F17A
:100C1000080956E74020E4E78020D8E70020D6E71F
:100C200006F104094DE7284652E7206ABDE8F09F27
:100C3000DCAC000010B5203AC0F00B80B1E81850D1
:100C4000A0E81850B1E81850A0E81850203ABFF4B6
:100C5000F5AF5FEA027C24BFB1E81850A0E8185055
:100C600044BF18C918C0BDE810405FEA827C24BFA9
:100C700051F8043B40F8043B08BF7047D20728BF37
:100C800031F8023B48BF11F8012B28BF20F8023B86
:100C900048BF00F8012B704730B5B0F10A0271F17E
:100CA00000034FEA900E4EEA817EB0EB0E0061EB3E
:100CB00091014FEA101E4EEA017E10EB0E0041EB4F
:100CC00011114FEA102E4EEA016E10EB0E0041EBAF
:100CD00011214FEA104E4EEA014E10EB0E0041EB8F
:100CE0001141401841F100014FEAD00040EA417043
:100CF0004FEAD1014FEA810444EA907410EB800579
:100D000044EB01046D1944EB0404521BA3414FF062
:100D1000000348BF0A3200D530BD401C41F100013C
:100D200030BD2DE9F0470D4699469246044600F144
:100D300024080168880604D5E06921F010012160CB
:100D400000E00120A84201DD471B00E00027A16967
:100D50007A1902EB0900081AA0612078C00602D4B3
:100D60002046FFF7B3FC002608E0D4E901211AF879
:100D700006009047206A401C761C20624E45F4DB3A
:100D80002078C0060AD52046FFF7A0FC06E0D4E98B
:100D9000012130209047206A401C2062381EA7F1B4
:100DA0000107F4DC07E0D4E9012118F805009047B9
:100DB000206A401C2062281EA5F10105F3DC2046B4
:100DC000FFF79AFC2078000602D50220BDE8F087E4
:100DD0000120FBE72DE9FF4F0C461E464FF0FF3781
:100DE0008BB0D2E90001DDF860800A908A46C1F339
:100DF0000A5505B93D46002108464FF00000BAF1FA
:100E0000000F00F4400005DA00EB80004FF44001D1
:100E100001EA50004FEA9059B9F1010F00DDB946DF
:100E20000A9850EA4A000ED044F61050A5F2FF3559
:100E300045432F14B8F1000F1ED07542291E1EDD48
:100E4000C9F100021CE0B8F1010F4FF0000001D021
:100E5000302103E0F24305E02154401CB042FBDBAB
:100E600030460022002121540B99C1F80880C1E9C5
:100E700000200FB0BDE8F08FBD1B6D1CDEE74A46B9
:100E800000DA694206A800F0F3FB06AB93E807001E
:100E900003AB83E8070050460A990AF041F88DE851
:100EA0000700A0F500501F3800900398002D0ADDC0
:100EB00042F21F014A460844002303A903906846F2
:100EC0000AF0AAFA09E0A0F500504A461F380023AC
:100ED00003A9039068460AF0B4FA8DE807000004FD
:100EE000000C03D04FF0FF30410800E01046B8F18D
:100EF000000F03D00022009215461EE0751E05D497
:100F0000FFF7CAFE303262556D1EF9D5B346012295
:100F1000084302D000227F1C04E02078302801D151
:100F200000227F1E002A099784D01DE0112D07DAC8
:100F3000FFF7B2FE303262556D1C50EA0102F5D166
:100F4000084302D00098C8B10EE00021681E05E0F9
:100F5000235C625C63542254401E491C8142F7DBCF
:100F6000AB46A81B401E0990002004F80B000B980C
:100F7000099AC0F80880C0E9002B7AE711264FF0E3
:100F8000000857E72DE9F04F88460446D21D22F0AD
:100F9000070191B0D1E90001CDE90A010AF088FB0F
:100FA00002460B98C00F01D02D2007E02068810772
:100FB00001D52B2002E0202101EAC000032A09907C
:100FC00001D0072A05DB03464146204600F010FB0E
:100FD0000BE12078800601D5E06900E00620B8F139
:100FE000650F814606D0B8F1660F18D0B8F1670FCB
:100FF00070D131E00020B9F1110F009001DB112315
:1010000001E009F101030AAA01A90CA8FFF7E2FE19
:10101000DDE90C70002609F10105834647E0012057
:101020004B4600904FF000470AAA01A90CA8FFF711
:10103000D1FEDDE90DB00C995D46002610B909F12D
:1010400001000D18B9EB050003D4C0F1FF3609F11A
:101050000105A5EB09002BE0B9F1010F01DA4FF012
:1010600001090020B9F1110F0090484601DD11235C
:1010700000E003460AAA01A90CA8FFF7ABFEDDE9D0
:101080000C704D4600268346207800070AD4AB45F5
:1010900000DA5D4601A8012D04DD411911F8011C9B
:1010A000302907D04F4502DA17F1040F04DA012086
:1010B00082460FE06D1EEEE7002F02DCED1B3E4482
:1010C00003E0781CA84200DD7D1CB81B00F1010A7A
:1010D0004FF000472078000703D4AA4501DB4FF00A
:1010E000FF3A0021B7F1004F0DF143088DF843108E
:1010F00024D002202B23002F01DA7F422D230A2146
:10110000021EA0F1010000DC5FB197FBF1FC97FB30
:10111000F1F201FB1C7C17460CF1300C08F801CDF4
:10112000EEE7A8F1010003702188090501D54521EA
:1011300000E06521A0F1010800F8011C09980FA941
:10114000A1EB0807FF1D00B10120411901EBEA7076
:10115000A1693844081A401EA0612078C00602D454
:101160002046FFF7B3FA099828B1D4E90121904746
:10117000206A401C20622078C00622D52046FFF756
:10118000A5FA1EE0002E04DBB34502DD01A8805D58
:1011900000E03020D4E901219047206A401C206201
:1011A000761CAAF101005FEA000A0AD100F01CFADD
:1011B000C0680168405CD4E901219047206A401C66
:1011C0002062281EA5F10105DCDC07E0D4E901213D
:1011D00018F8010B9047206A401C2062381EA7F1C6
:1011E0000107F3DC2046FFF787FA032011B041E640
:1011F0002DE9F04F04460D46D21D22F0070089B0BC
:10120000D0E90097484639460AF052FA0246F80FEC
:1012100001D02D2307E02068810701D52B2302E0B0
:10122000202101EAC0038DF820300BB1012000E03D
:101230000020032A824601D0072A04DB29462046E3
:1012400000F0D6F93FE12078800601D40D2500E0BA
:10125000E569C7F30A560D2D49DA00214FEA175BFD
:1012600008464FF00000002F00F4400007DA00EBC2
:1012700080004FF4400100EBD07001EA600081155E
:10128000012901DD4FF0FF3100224FEA850CBCF14E
:10129000180F06D31346ACF118004FF08052C2402D
:1012A00003E04FF4801323FA0CF30CF10C0CBCF1A7
:1012B000200F04D3ACF1200C09FA0CF001E007FA7E
:1012C0000CF000294FF0004801DD18B90FE00ED1F5
:1012D00040450CD319EB02095F4121B9404502D1C9
:1012E0009F4329EA0209BBEB175F00D0761C2088D8
:1012F000000502D57B48784402E07A4878441938E2
:1013000008AA302302F80A30037C0AF10101002EFA
:101310000AF1020A53546A4602DC4FF0300101E040
:101320004FF031014FF001088DF8001002D0A6F205
:10133000FF3603E059EA470100D06B4E002D02DC76
:101340002178090704D54FF002082E218DF80110ED
:10135000C44600210BE0C7F303433F01C35C491CB3
:101360006D1E02F80830052908F1010801DA002D88
:10137000F1DC00210CE000EB1973491C1B786D1E99
:10138000082902F808304FEA091908F1010801DAC2
:10139000002DF0DC21688B0602D516E0A8F10108CB
:1013A000E04505DD02EB080313F8013C302BF5D0D6
:1013B000B8F1000F09DD02EB080313F8013C2E2BF6
:1013C00003D1090701D4A8F10108002D05DD3E2154
:1013D00002F808106D1E08F10108407C002E02F88A
:1013E000080008F1010804DA2D20764202F808000E
:1013F00002E02B2002F808000A214FF47A7086429E
:1014000008F101080BDB96FBF0F3303302F80830EB
:1014100096FBF0F308F1010800FB136601E0642E6F
:101420000CDB642096FBF0F3303302F8083096FBB7
:10143000F0F308F1010800FB136601E00A2E06DB59
:1014400096FBF1F0303002F8080008F1010896FB35
:10145000F1F001FB1060303002F80800A16908F1DA
:10146000010808EB050202EB0A00081AA0612078C7
:10147000C00602D42046FFF729F9216A08AE01EB25
:101480000A00206204E0D4E9012116F8010B90471C
:10149000BAF1010AF7D22078C00602D52046FFF73C
:1014A00015F96E4609E016F8010B3E280FD0D4E975
:1014B00001219047206A401C2062B8F10108F2D255
:1014C0002046FFF719F909B00320BDE8F08F206A24
:1014D0002844206203E0D4E90121302090476D1EAA
:1014E000EBD3F8E7C6A4000002FCFFFF10B5436988
:1014F00013B1AFF3008001E0FFF721F9012010BD27
:10150000127800F124010A7000224A700122EDE7EE
:1015100011684FF0FF32E9E710B5436913B1AFF33B
:10152000008001E0FFF7A4F9012010BD128800F14E
:10153000240182840022C2840122EDE711684FF069
:10154000FF32E9E72DE9F04116460C46054600F06A
:1015500043F8036893F80101012807D0FF2C12D843
:10156000185D80B101202C70BDE8F081D3F807012F
:101570003246214603F20713C7182846BC46BDE889
:10158000F041002360474FF0FF30EDE7754600F073
:10159000EBF8AE4605006946534620F00700854645
:1015A00018B020B5FEF7C0FEBDE820404FF00006A1
:1015B0004FF000074FF000084FF0000BAC46ACE8CE
:1015C000C009ACE8C009ACE8C009ACE8C00921F02A
:1015D00007018D467047000010B500F005F8001DAA
:1015E00010BD00BF39A10000004870474000002036
:1015F0002DE9F0411F46044603260168072A01F43D
:10160000006004DB08B116A505E016A503E008B1EB
:1016100015A500E015A521F010002060A069C01EEE
:10162000A0610FB1401EA0612046FFF74FF84FB1F7
:10163000D4E9012138469047206A401C2062C01C32
:10164000206206E0206AFAE7D4E9012115F8010BCF
:101650009047761EF8D22046FFF74EF8BDE8F0819D
:101660004E414E006E616E00494E4600696E660046
:101670002DE9F047814616468AB0354878440DC8B2
:101680008DE80D0032487844801C03AC0DC884E816
:101690000D0041F69B300844372190FBF1F290FB9E
:1016A000F1F5A5F1800501FB12041B3C02D5644253
:1016B000012000E00020DFF898A080460027FA44CF
:1016C000AAF1BE0A0EE0E0070AD03246684607EBF0
:1016D000470101230AEB810109F0B3FE8DE8070001
:1016E00064107F1C002CEED1194F7F44AE3F19E0EF
:1016F000E80715D007EB04100DF1180A90E80E006A
:101700008AE80E00C068F04201D19819089032466C
:10171000012306A903A809F094FE03AB83E80700A0
:101720006D10641C002DE3D14FF001033246694671
:10173000B8F1000F03A802D009F06EFE01E009F035
:1017400080FEC9E90001C9F808200AB0BDE8F087A9
:10175000D0A1000010B50446AFF300802046BDE8DC
:101760001040FEF7CCBD000000487047200000206C
:1017700030B44FF0013C50F8042B51F8043BCCFA44
:1017800052F4D51A20D1FCB950F8042B51F8043B7F
:10179000CCFA52F4D51A17D1B4B950F8042B51F839
:1017A000043BCCFA52F4D51A0ED16CB950F8042B84
:1017B00051F8043BCCFA52F4D51A05D1002CDAD0FA
:1017C00030BC4FF00000704729BAB1FA81F111F036
:1017D0001801D1F120008440F2D1CA40CB4012F070
:1017E000FF0213F0FF0330BCD01A704701491820E4
:1017F000ABBEFEE7260002007047000080B504F093
:10180000D1F803F0F9FA04F075F980BD80B582B023
:101810004EF6FC51CEF20001086840F0807008607E
:1018200041F20400CEF2000000210191016041F27A
:101830000002CEF20002106840F00100106044F295
:101840001010C2F20000009002F068FE009804211F
:1018500002F064FE0098082102F060FE00980C215E
:1018600002F05CFE019944F2C800C2F2000002F0EE
:1018700095FAFFF7C3FF44F25810C2F200004BF68E
:101880009221C0F600010F224FF47A7303F018FA88
:1018900002B080BDFFE7FEE77047000072B6FFE7C9
:1018A000FEE7000080B584B002900298806D019040
:1018B00000F07CFA0090029890F8350002280DD0D4
:1018C000FFE7029980204865FFE70299002081F830
:1018D0003400FFE701208DF80F0055E00298016801
:1018E000086820F01600086002980168486920F036
:1018F000800048610298006C20B9FFE70298806C74
:1019000038B1FFE702980168086820F00800086015
:10191000FFE702980168086820F001000860FFE70F
:10192000029800680068C007C8B1FFE700F03EFAFF
:101930000099401A062811D3FFE702992020486534
:101940000299032081F83500FFE70299002081F811
:101950003400FFE703208DF80F0015E0E0E7029860
:10196000C16D3F208840019988600299012081F86B
:101970003500FFE70299002081F83400FFE7FFE718
:1019800000208DF80F00FFE79DF80F0004B080BD28
:1019900082B00090009890F83500022807D0FFE749
:1019A00000998020486501208DF807000EE000991D
:1019B000052081F8350000980168086820F00100D2
:1019C0000860FFE700208DF80700FFE79DF807009B
:1019D00002B0704780B584B0039000F0E7F9029040
:1019E000039801900198013048B1FFE740F21400DC
:1019F000C2F200000178019808440190FFE7FFE778
:101A000000F0D4F90299401A0199884201D2FFE707
:101A1000F6E704B080BD00008BB00A900991002069
:101A20000790069005900890FFE708980F2800F2AD
:101A3000A281FFE708990120884007900998006873
:101A400007990840069006980799884240F08E81D1
:101A5000FFE70998406800F00300012807D0FFE77E
:101A60000998406800F0030002282FD1FFE70A9888
:101A70008068059008984100032000FA01F105985C
:101A8000884305900998C0680899490000FA01F157
:101A900005980843059005980A9988600A98406857
:101AA00005900899012000FA01F1059888430590F6
:101AB00009984068C0F30010089900FA01F10598F0
:101AC0000843059005980A994860FFE7099840681F
:101AD00000F00300032818D0FFE70A98C0680590BB
:101AE00008984100032000FA01F105988843059009
:101AF000099880680899490000FA01F1059808439F
:101B0000059005980A99C860FFE70998406800F0B9
:101B10000300022826D1FFE70A9808996FF0030214
:101B200002EA51010844006A0590089800F0070095
:101B300081000F2000FA01F105988843059009986B
:101B40000069089901F00701890000FA01F1059880
:101B50000843059005980A99089B02EA530211442C
:101B60000862FFE70A980068059008984100032082
:101B700000FA01F10598884305900998406800F043
:101B800003000899490000FA01F1059808430590FF
:101B900005980A990860099880798007002800F064
:101BA000E480FFE7FFE70020049043F64400C4F21E
:101BB0000200016841F480410160006800F4804047
:101BC00004900498FFE7089820F0030043F608010A
:101BD000C4F2010140580590089800F0030081000C
:101BE0000F2000FA01F10598884305900A9800211A
:101BF000C4F20201884203D1FFE70020039034E0E1
:101C00000A9840F20041C4F20201884203D1FFE782
:101C10000120029026E00A9840F60001C4F2020179
:101C2000884203D1FFE70220019018E00A9840F6AD
:101C30000041C4F20201884203D1FFE70320009073
:101C40000AE00A9941F20002C4F20202072091421E
:101C500008BF04200090FFE700980190FFE701987B
:101C60000290FFE702980390FFE70398C0B208993B
:101C700001F00301890000FA01F10598084305907D
:101C80000598089921F0030143F60802C4F2010205
:101C9000885043F60840C4F2010000680590069998
:101CA00005988843059009988079C006002805D5D5
:101CB000FFE70699059808430590FFE7059843F666
:101CC0000841C4F20101086043F60C40C4F201006F
:101CD00000680590069905988843059009988079D1
:101CE0008006002805D5FFE706990598084305906A
:101CF000FFE7059843F60C41C4F20101086043F682
:101D00000440C4F2010000680590069905988843D4
:101D10000590099880798007002805D5FFE7069986
:101D2000059808430590FFE7059843F60441C4F27F
:101D30000101086043F60040C4F20100006805900C
:101D4000069905988843059009988079C00728B1BD
:101D5000FFE70699059808430590FFE7059843F6C5
:101D60000041C4F201010860FFE7FFE7FFE70898C0
:101D70000130089059E60BB07047000082B0019026
:101D8000ADF802108DF801209DF8010028B1FFE7A1
:101D9000BDF802000199886105E0BDF80200000469
:101DA00001998861FFE702B07047000044F2A41077
:101DB000C2F200000068704780B58EB00C900C989D
:101DC00020B9FFE701208DF8370043E10C9890F827
:101DD0003D0040B9FFE70C99002081F83C000C98C9
:101DE00000F08AFFFFE70C99242081F83D000C9851
:101DF0000168086820F0010008600C980168086814
:101E000040F4004008600C980168086820F4004025
:101E1000086001F0A5F90A900C98406848F2A061AA
:101E2000C0F2010188420BD8FFE70A9948F28042CC
:101E3000C0F21E020020914238BF012009900AE042
:101E40000A9940F60012C0F23D020020914238BFCC
:101E500001200990FFE70998012804D1FFE701203C
:101E60008DF83700F6E00A984DF68361C4F21B3115
:101E7000A0FB0110800C0B900C980068406820F0CB
:101E80003F000B9908430C99096848600C9800685A
:101E9000006A20F03F0008900C98406848F2A0616A
:101EA000C0F20101884204D8FFE70B980130079087
:101EB0000EE00B984FF49671484344F6D351C1F2AB
:101EC0006201A0FB0101012000EB91100790FFE7E8
:101ED0000898079908430C99096808620C980068EB
:101EE000C0694CF6FF71884306900C98406848F230
:101EF000A061C0F2010188421FD8FFE70A980138AB
:101F00000C9949684900B0FBF1F001306FF31F30C4
:101F1000032803D8FFE7042005900BE00A98013856
:101F20000C9949684900B0FBF1F001306FF31F30A4
:101F30000590FFE7059804904CE00C98806868B91C
:101F4000FFE70A9801380C99496801EB4101B0FBA1
:101F5000F1F001306FF31F3003900DE00A98013863
:101F60000C99496819225143B0FBF1F0013004216A
:101F700061F31F300390FFE70398000518B9FFE7EE
:101F80000120029023E00C98806868B9FFE70A9866
:101F900001380C99496801EB4101B0FBF1F00130C7
:101FA0006FF31F3001900DE00A9801380C994968D1
:101FB00019225143B0FBF1F00130042161F31F30CD
:101FC0000190FFE7019840F400400290FFE702987B
:101FD0000490FFE70698049908430C990968C861C2
:101FE0000C980068006820F0C0000C9B1968DA6942
:101FF0001B6A1A43104308600C980068806848F216
:10200000FF3188430C9A1168D36812691A43104350
:1020100088600C980068C06820F0FF000C9B19686D
:102020005A699B691A431043C8600C980168086894
:1020300040F0010008600C99002008640C9A2021EF
:1020400082F83D100C9908630C9981F83E008DF8D8
:102050003700FFE79DF837000EB080BD80B58CB02B
:10206000DDF838C00A90ADF826100892ADF81E30A1
:10207000FFF79CFE06900A9890F83D00202840F05B
:10208000FE81FFE70A9806996A4611600221C0F2B4
:1020900010010122192303F095FA20B1FFE7022075
:1020A0008DF82F00EFE1FFE70A9890F83C00012837
:1020B00004D1FFE702208DF82F00E4E10A99012006
:1020C00081F83C00FFE7FFE70A980068006800F02D
:1020D0000100012807D0FFE70A980168086840F06E
:1020E00001000860FFE70A980168086820F40060B2
:1020F00008600A99222081F83D000A99102081F891
:102100003E000A990020086408980A994862BDF8C0
:102110001E000A9948850A98408D0A9908850A99EF
:102120000020CFF6FF70C8620A98BDF826100E9AFC
:10213000069B02F001FF20B1FFE701208DF82F0080
:10214000A1E10A98008DA0B9FFE7FFE70020059004
:102150000A980068406905900A98006880690590AF
:102160000598FFE70A980168086840F40070086065
:1021700053E00A98008D01281AD1FFE70A980168F8
:10218000086820F480600860FFE7002004900A9847
:102190000068406904900A98006880690490049877
:1021A000FFE70A980168086840F40070086033E0AF
:1021B0000A98008D02281AD1FFE70A98016808687A
:1021C00020F4806008600A980168086840F40060A4
:1021D0000860FFE7002003900A98006840690390B8
:1021E0000A980068806903900398FFE713E00A9853
:1021F0000168086840F480600860FFE700200290F2
:102200000A980068406902900A9800688069029004
:102210000298FFE7FFE7FFE7FFE7FFE70A98008D77
:10222000002800F01A81FFE70A98008D032800F2C9
:10223000CC80FFE70A98008D01281ED1FFE70A989D
:102240000E99069A03F0ECFA20B1FFE701208DF811
:102250002F0018E10A98006800690A99496A087015
:102260000A99486A013048620A99088D0138088540
:102270000A99488D01384885A6E00A98008D022801
:102280003CD1FFE70A980E9B06996A46116004212B
:10229000C0F20101002203F095F920B1FFE701200F
:1022A0008DF82F00EFE00A980168086840F400708C
:1022B00008600A98006800690A99496A08700A99D2
:1022C000486A013048620A99088D013808850A99E0
:1022D000488D013848850A98006800690A99496A5A
:1022E00008700A99486A013048620A99088D0138D5
:1022F00008850A99488D0138488564E00A980E9B44
:1023000006996A4611600421C0F20101002203F01F
:1023100059F920B1FFE701208DF82F00B3E00A98AA
:102320000168086820F4806008600A980068006905
:102330000A99496A08700A99486A013048620A99FC
:10234000088D013808850A99488D013848850A9812
:102350000E9B06996A4611600421C0F20101002219
:1023600003F030F920B1FFE701208DF82F008AE05B
:102370000A980168086840F4007008600A980068CC
:1023800000690A99496A08700A99486A01304862E6
:102390000A99088D013808850A99488D01384885C1
:1023A0000A98006800690A99496A08700A99486A97
:1023B000013048620A99088D013808850A99488DCC
:1023C00001384885FFE7FFE746E00A980E99069A2C
:1023D00003F026FA20B1FFE701208DF82F0052E02C
:1023E0000A98006800690A99496A08700A99486A57
:1023F000013048620A99088D013808850A99488D8C
:10240000013848850A980068406900F004010120FD
:10241000B0EB910F1FD1FFE70A98008D032807D179
:10242000FFE70A980168086820F480600860FFE709
:102430000A98006800690A99496A08700A99486A06
:10244000013048620A99088D013808850A99488D3B
:1024500001384885FFE7FFE7E0E60A99202081F888
:102460003D000A99002081F83E00FFE70A9900200C
:1024700081F83C00FFE700208DF82F0003E00220E8
:102480008DF82F00FFE79DF82F000CB080BD0000F5
:1024900080B588B0DDF828C00690ADF8161004921B
:1024A000ADF80E30FFF782FC0290069890F83D00E0
:1024B000202840F0EB80FFE7069802996A461160F9
:1024C0000221C0F210010122192303F07BF820B190
:1024D000FFE702208DF81F00DCE0FFE7069890F888
:1024E0003C00012804D1FFE702208DF81F00D1E055
:1024F0000699012081F83C00FFE7FFE70698006895
:10250000006800F00100012807D0FFE70698016885
:10251000086840F001000860FFE706980168086855
:1025200020F4006008600699212081F83D0006999A
:10253000102081F83E00069900200864049806994E
:102540004862BDF80E00069948850698408D0699A8
:10255000088506990020CFF6FF70C8620698BDF87E
:1025600016100A9A029B02F0BDFD20B1FFE7012080
:102570008DF81F008EE0FFE70020019006980068AC
:102580004069019006980068806901900198FFE712
:10259000FFE70698008D002860D0FFE706980A99AB
:1025A000029A03F0ABF980B1FFE70698006C0428AB
:1025B00007D1FFE706980168086840F400700860DA
:1025C000FFE701208DF81F0064E006980168406A6B
:1025D000007808610699486A013048620699488D7A
:1025E000013848850699088D0138088506980068E5
:1025F000406900F004010120B0EB910F16D1FFE714
:102600000698008D90B1FFE706980168406A00784F
:1026100008610699486A013048620699488D013878
:1026200048850699088D01380885FFE706980A99BC
:10263000029A02F071FF80B1FFE70698006C04284F
:1026400007D1FFE706980168086840F40070086049
:10265000FFE701208DF81F001CE09AE7069801684B
:10266000086840F4007008600699202081F83D0059
:102670000699002081F83E00FFE70699002081F8C6
:102680003C00FFE700208DF81F0003E002208DF8DA
:102690001F00FFE79DF81F0008B080BD10B58CB08B
:1026A000844610980F98DDF838E0CDF828C0ADF8D2
:1026B0002610ADF82420ADF82230ADF82000FFF749
:1026C00075FB07900A9890F83D00202840F00282A0
:1026D000FFE70A9807996A4611600221C0F21001CB
:1026E0000122192302F06EFF20B1FFE702208DF8CE
:1026F0002F00F3E1FFE70A9890F83C00012804D18D
:10270000FFE702208DF82F00E8E10A99012081F807
:102710003C00FFE7FFE70A980068006800F001004E
:10272000012807D0FFE70A980168086840F0010017
:102730000860FFE70A980168086820F400600860F4
:102740000A99222081F83D000A99402081F83E0034
:102750000A99002008640E980A994862BDF8200082
:102760000A9948850A98408D0A9908850A99002097
:10277000CFF6FF70C8620A98BDF82610BDF8242075
:10278000BDF82230DDF840C0079CEE46CEF804408C
:10279000CEF800C002F030FD20B1FFE701208DF837
:1027A0002F009BE10A98008DA0B9FFE7FFE700200A
:1027B00006900A980068406906900A980068806947
:1027C00006900698FFE70A980168086840F40070D0
:1027D00008604DE00A98008D01281AD1FFE70A9899
:1027E0000168086820F480600860FFE70020059019
:1027F0000A980068406905900A9800688069059009
:102800000598FFE70A980168086840F400700860BE
:102810002DE00A98008D02281AD1FFE70A98016876
:10282000086820F4806008600A980168086840F42D
:1028300000600860FFE7002004900A980068406983
:1028400004900A980068806904900498FFE70DE0FE
:10285000FFE7002003900A980068406903900A98F7
:102860000068806903900398FFE7FFE7FFE7FFE751
:10287000FFE70A98008D002800F01A81FFE70A9808
:10288000008D032800F2CC80FFE70A98008D012814
:102890001ED1FFE70A981099079A02F0C1FF20B1F4
:1028A000FFE701208DF82F0018E10A980068006901
:1028B0000A99496A08700A99486A013048620A9977
:1028C000088D013808850A99488D01384885A6E0A9
:1028D0000A98008D02283CD1FFE70A98109B0799BF
:1028E0006A4611600421C0F20101002202F06AFE72
:1028F00020B1FFE701208DF82F00EFE00A98016872
:10290000086840F4007008600A98006800690A9935
:10291000496A08700A99486A013048620A99088D24
:10292000013808850A99488D013848850A98006859
:1029300000690A99496A08700A99486A0130486230
:102940000A99088D013808850A99488D013848850B
:1029500064E00A98109B07996A4611600421C0F24E
:102960000101002202F02EFE20B1FFE701208DF8C8
:102970002F00B3E00A980168086820F480600860BE
:102980000A98006800690A99496A08700A99486AB1
:10299000013048620A99088D013808850A99488DE6
:1029A000013848850A98109B07996A4611600421EE
:1029B000C0F20101002202F005FE20B1FFE7012074
:1029C0008DF82F008AE00A980168086840F40070CA
:1029D00008600A98006800690A99496A08700A99AB
:1029E000486A013048620A99088D013808850A99B9
:1029F000488D013848850A98006800690A99496A33
:102A000008700A99486A013048620A99088D0138AD
:102A100008850A99488D01384885FFE7FFE746E0B9
:102A20000A981099079A02F0FBFE20B1FFE70120F7
:102A30008DF82F0052E00A98006800690A99496AE7
:102A400008700A99486A013048620A99088D01386D
:102A500008850A99488D013848850A9800684069B8
:102A600000F004010120B0EB910F1FD1FFE70A989D
:102A7000008D032807D1FFE70A980168086820F451
:102A800080600860FFE70A98006800690A99496A4F
:102A900008700A99486A013048620A99088D01381D
:102AA00008850A99488D01384885FFE7FFE7E0E689
:102AB0000A99202081F83D000A99002081F83E0003
:102AC000FFE70A99002081F83C00FFE700208DF81D
:102AD0002F0003E002208DF82F00FFE79DF82F0064
:102AE0000CB010BD10B588B084460C980B98DDF87A
:102AF00028E0CDF818C0ADF81610ADF81420ADF8E8
:102B00001230ADF81000FFF751F90390069890F8D5
:102B10003D00202840F0E880FFE7069803996A46C8
:102B200011600221C0F210010122192302F04AFDB6
:102B300020B1FFE702208DF81F00D9E0FFE70698DB
:102B400090F83C00012804D1FFE702208DF81F0017
:102B5000CEE00699012081F83C00FFE7FFE70698E8
:102B60000068006800F00100012807D0FFE7069820
:102B70000168086840F001000860FFE706980168F6
:102B8000086820F4006008600699212081F83D0063
:102B90000699402081F83E000699002008640A98B2
:102BA00006994862BDF81000069948850698408D40
:102BB0000699088506990020CFF6FF70C86206982E
:102BC000BDF81610BDF81420BDF81230DDF830C085
:102BD000039CEE46CEF80440CEF800C002F0FEFBA7
:102BE00020B1FFE701208DF81F0081E0FFE7069884
:102BF000008D002849D0FFE706980C99039A02F04F
:102C00007DFE80B1FFE70698006C042807D1FFE73E
:102C100006980168086840F400700860FFE701202A
:102C20008DF81F0064E006980168406A007808612A
:102C30000699486A013048620699088D013808856E
:102C40000699488D0138488506980068406900F06B
:102C500004010120B0EB910F16D1FFE70698008D1B
:102C600090B1FFE706980168406A0078086106990C
:102C7000486A013048620699088D0138088506992E
:102C8000488D01384885FFE7B1E706980C99039A0B
:102C900002F042FC80B1FFE70698006C042807D1DF
:102CA000FFE706980168086840F400700860FFE7D5
:102CB00001208DF81F001BE006980168086840F4A9
:102CC000007008600699202081F83D0006990020D8
:102CD00081F83E00FFE70699002081F83C00FFE7FD
:102CE00000208DF81F0003E002208DF81F00FFE791
:102CF0009DF81F0008B010BD80B588B00790002077
:102D0000069005900490039002900798006845F2A1
:102D10000041C4F20001884234D1FFE7FFE7002000
:102D2000019043F63000C4F20200016841F0020154
:102D30000160006800F0020001900198FFE7C020E8
:102D4000029012200390002004900320059004209C
:102D5000069040F20040C4F2020002A9FEF75CFEB9
:102D6000FFE70020009043F64000C4F20200016833
:102D700041F400110160006800F400100090009818
:102D8000FFE7FFE708B080BD40F21400C2F2000088
:102D9000027844F2A411C2F20001086810440860ED
:102DA0007047000080B543F60041C4F20201086894
:102DB00040F400700860086840F4806008600868AB
:102DC00040F480700860032000F08AF80F2000F0C3
:102DD00005F800F03BF8002080BD000080B582B00F
:102DE000009040F21000C2F20000006840F21401AE
:102DF000C2F200010A784FF47A71B1FBF2F1B0FB34
:102E0000F1F000F0A5FD20B1FFE701208DF80700EB
:102E100018E000980F280DD8FFE700994FF0FF3019
:102E2000002200F043F8009840F21801C2F20001BD
:102E3000086003E001208DF8070003E000208DF812
:102E40000700FFE79DF8070002B080BD82B0FFE7F2
:102E50000020019043F64400C4F20200016841F4EE
:102E600080410160006800F4804001900198FFE714
:102E7000FFE70020009043F64000C4F20200016822
:102E800041F080510160006800F08050009000988F
:102E9000FFE702B07047000080B582B08DF80700F0
:102EA0009DF9070007F048FF02B080BD80B586B0ED
:102EB0008DF81700049103920020029007F054FF50
:102EC00002909DF91700019002980499039A03F06B
:102ED000DDF80146019807F04FFF06B080BD000005
:102EE00080B582B00190019807F068FF02B080BD04
:102EF00080B584B002900191029820B9FFE70120CB
:102F00008DF80F0021E1019843F60041C4F202015F
:102F1000096801F00701884212D9FFE7019943F6D9
:102F20000040C4F202000170006800F0070001993F
:102F3000884204D0FFE701208DF80F0005E1FFE78C
:102F400002980078800700282AD5FFE702980078C9
:102F50004007002809D5FFE743F60801C4F2020143
:102F6000086840F4E0500860FFE702980078000726
:102F7000002809D5FFE743F60801C4F202010868FA
:102F800040F460400860FFE743F60801C4F2020124
:102F9000086820F0F000029A926810430860FFE78A
:102FA00002980078C00700286ED0FFE702984068BA
:102FB000012811D1FFE743F60000C4F202000068C7
:102FC00000F400310020B0EB514F04D1FFE70120A5
:102FD0008DF80F00B9E02CE002984068022805D077
:102FE000FFE702984068032811D1FFE743F600008D
:102FF000C4F20200006800F000710020B0EB516FD5
:1030000004D1FFE701208DF80F009EE010E043F6A9
:103010000000C4F20200006800F002010020B0EBE2
:10302000510F04D1FFE701208DF80F008DE0FFE77D
:10303000FFE743F60801C4F20201086820F003002C
:10304000029A526810430860FEF7B0FE0090FFE756
:1030500043F60800C4F20200006800F00C00029978
:103060004968B0EB810F0ED0FFE7FEF79FFE009995
:10307000401A41F28931884204D3FFE703208DF8DA
:103080000F0062E0E4E7FFE7019843F60041C4F275
:103090000201096801F00701884212D2FFE7019995
:1030A00043F60040C4F202000170006800F007001F
:1030B0000199884204D0FFE701208DF80F0044E019
:1030C000FFE702980078400700280CD5FFE743F699
:1030D0000801C4F20201086820F4E050029AD268A4
:1030E00010430860FFE702980078000700280DD51C
:1030F000FFE743F60801C4F20201086820F46040CB
:10310000029A126940EAC2000860FFE700F04CF83A
:1031100043F60801C4F202010968C9B20A094BF674
:103120006801C0F60001895CC84040F21001C2F29B
:103130000001086040F21800C2F200000068FFF7CA
:103140004DFE00208DF80F00FFE79DF80F0004B042
:1031500080BD000040F21000C2F20000006870471D
:1031600080B5FFF7F7FF43F60801C4F202010968D2
:10317000C1F382224BF67801C0F60001895CC84099
:1031800080BD000080B5FFF7E5FF43F60801C4F2FB
:103190000201096889B24A0B4BF67801C0F60001BA
:1031A000895CC84080BD000080B586B000200590D5
:1031B00004900390029043F60800C4F202000068F5
:1031C00000F00C000146019140B1FFE7019804288E
:1031D0000AD0FFE7019808280CD04FE042F20040E7
:1031E000C0F2F40002904FE041F20020C0F27A00F9
:1031F000029049E043F60400C4F20200016801F0C5
:103200003F01059100684002002813D5FFE743F60F
:103210000400C4F202000068C0F3881041F20021EB
:10322000C0F27A01A0FB0101059A0023FDF728F9FD
:10323000049012E043F60400C4F202000068C0F3F8
:10324000881042F20041C0F2F401A0FB0101059A8E
:103250000023FDF715F90490FFE743F60400C4F2DC
:103260000200006800F44031022000EBD1300390EE
:1032700004980399B0FBF1F0029005E042F200409F
:10328000C0F2F4000290FFE7029806B080BD000093
:1032900080B586B00490049820B9FFE701208DF82E
:1032A000170050E304980078C007002800F0A580BC
:1032B000FFE743F60800C4F20200006800F00C00CB
:1032C000042813D0FFE743F60800C4F202000068A8
:1032D00000F00C0008281ED1FFE743F60400C4F2FA
:1032E000020000684002002815D5FFE743F6000001
:1032F000C4F20200006800F400310020B0EB514F2E
:1033000008D0FFE70498406820B9FFE701208DF856
:10331000170018E370E0FFE704984068B0F5803FBD
:1033200009D1FFE743F60001C4F20201086840F446
:103330008030086020E004984068B0F5A02F0DD1DF
:10334000FFE743F60001C4F20201086840F4802060
:103350000860086840F4803008600CE043F6000123
:10336000C4F20201086820F480300860086820F484
:1033700080200860FFE7FFE7FFE704984068E8B1B6
:10338000FFE7FEF713FD0390FFE743F60000C4F2EA
:103390000200006800F400310020B0EB514F0CD166
:1033A000FFE7FEF703FD0399401A652804D3FFE702
:1033B00003208DF81700C6E2E7E71CE0FEF7F6FCF5
:1033C0000390FFE743F60000C4F20200006800F437
:1033D00000310020B0EB514F0CD0FFE7FEF7E6FCC8
:1033E0000399401A652804D3FFE703208DF81700DE
:1033F000A9E2E7E7FFE7FFE7FFE704980078800727
:10340000002840F19680FFE743F60800C4F202006E
:10341000006810F00C0F13D0FFE743F60800C4F269
:103420000200006800F00C0008282CD1FFE743F6EA
:103430000400C4F2020000684002002823D4FFE721
:1034400043F60000C4F20200006800F00201002010
:10345000B0EB510F09D0FFE70498C068012804D0F1
:10346000FFE701208DF817006DE243F60001C4F27A
:103470000201086820F0F800049A126940EAC200CC
:103480000860FFE754E00498C06870B3FFE70021CC
:10349000C4F2472101200860FEF788FC0390FFE793
:1034A00043F60000C4F20200006800F002010020B0
:1034B000B0EB510F0CD1FFE7FEF778FC0399401AEF
:1034C000032804D3FFE703208DF817003BE2E7E76A
:1034D00043F60001C4F20201086820F0F800049AE3
:1034E000126940EAC200086021E00021C4F24721CD
:1034F00000200860FEF75AFC0390FFE743F6000047
:10350000C4F20200006800F002010020B0EB510F8D
:103510000CD0FFE7FEF74AFC0399401A032804D3B6
:10352000FFE703208DF817000DE2E7E7FFE7FFE76D
:10353000FFE704980078000700284BD5FFE70498C0
:10354000406918B3FFE740F68061C4F247210120CB
:103550000860FEF72BFC0390FFE743F67400C4F20B
:103560000200006800F002010020B0EB510F0CD106
:10357000FFE7FEF71BFC0399401A032804D3FFE77B
:1035800003208DF81700DEE1E7E722E040F68061D6
:10359000C4F2472100200860FEF708FC0390FFE713
:1035A00043F67400C4F20200006800F0020100203B
:1035B000B0EB510F0CD0FFE7FEF7F8FB0399401A70
:1035C000032804D3FFE703208DF81700BBE1E7E7EA
:1035D000FFE7FFE7049800784007002840F1CE801D
:1035E000FFE700208DF8070043F64000C4F2020018
:1035F0000068C000002815D4FFE7FFE70020009016
:1036000043F64000C4F20200016841F080510160BD
:10361000006800F0805000900098FFE701208DF8CE
:103620000700FFE747F20000C4F200000068C00591
:10363000002822D4FFE747F20001C4F20001086825
:1036400040F480700860FEF7B1FB0390FFE747F29B
:103650000000C4F200000068C00500280CD4FFE799
:10366000FEF7A4FB0399401A032804D3FFE70320C5
:103670008DF8170067E1EAE7FFE7FFE70498806845
:10368000012809D1FFE743F67001C4F2020108687E
:1036900040F0010008601FE00498806805280DD103
:1036A000FFE743F67001C4F20201086840F004002D
:1036B0000860086840F0010008600CE043F6700103
:1036C000C4F20201086820F001000860086820F0D8
:1036D00004000860FFE7FFE7FFE704988068F8B19F
:1036E000FFE7FEF763FB0390FFE743F67000C4F2C9
:1036F0000200006800F002010020B0EB510F0ED173
:10370000FFE7FEF753FB0399401A41F289318842E3
:1037100004D3FFE703208DF8170014E1E5E71EE06E
:10372000FEF744FB0390FFE743F67000C4F202008B
:10373000006800F002010020B0EB510F0ED0FFE74F
:10374000FEF734FB0399401A41F28931884204D3D1
:10375000FFE703208DF81700F5E0E5E7FFE79DF8A8
:103760000700012809D1FFE743F64001C4F2020136
:10377000086820F080500860FFE7FFE70498806940
:10378000002800F0DC80FFE743F60800C4F20200E6
:10379000006800F00C00082800F08580FFE704981E
:1037A000806902285CD1FFE76021C4F24721002034
:1037B0000860FEF7FBFA0390FFE743F60000C4F24F
:1037C0000200006800F000710020B0EB516F0CD0D7
:1037D000FFE7FEF7EBFA0399401A032804D3FFE74B
:1037E00003208DF81700AEE0E7E70499C869D1F827
:1037F00020C04B6A8A6A40EA0C0040EA8310D20378
:103800004FF6FF739A43A2F580321043C96A40EA2B
:10381000016043F60401C4F2020108606021C4F2B1
:10382000472101200860FEF7C1FA0390FFE743F645
:103830000000C4F20200006800F000710020B0EB4C
:10384000516F0CD1FFE7FEF7B1FA0399401A032834
:1038500004D3FFE703208DF8170074E0E7E721E0C9
:103860006021C4F2472100200860FEF79FFA039010
:10387000FFE743F60000C4F20200006800F00071A8
:103880000020B0EB516F0CD0FFE7FEF78FFA0399E1
:10389000401A032804D3FFE703208DF8170052E0F5
:1038A000E7E7FFE74AE004988069012804D1FFE7D1
:1038B00001208DF8170046E043F60400C4F2020030
:1038C0000068029004988069012831D0FFE70298CF
:1038D00000F480000499C969884229D1FFE7029861
:1038E00000F03F000499096A884221D1FFE702985D
:1038F00047F6C07108400499496AB0EB811F17D19F
:10390000FFE7029800F440300499896AC9034FF632
:10391000FF729143A1F58031884209D1FFE70298F7
:1039200000F070600499C96AB0EB016F04D0FFE742
:1039300001208DF8170006E0FFE7FFE7FFE7002012
:103940008DF81700FFE79DF8170006B080BD000056
:1039500080B582B00190019805F000FE02B080BDF4
:1039600081B0009001B0704781B0009001B0704705
:1039700085B003900291FFE7039890F83C0001287E
:1039800004D1FFE702208DF813006CE003990120B9
:1039900081F83C00FFE7FFE70399022081F83D0032
:1039A0000398006840680190039800688068009060
:1039B000019820F070000190029801680198084376
:1039C00001900198039909684860039800680021F4
:1039D000C4F2010188422AD0FFE703980068B0F1E1
:1039E000804F24D0FFE70398006840F20041C4F202
:1039F000000188421BD0FFE70398006840F60001F1
:103A0000C4F20001884212D0FFE70398006840F634
:103A10000041C4F20001884209D0FFE70398006822
:103A200044F20001C4F2010188420ED1FFE7009880
:103A300020F08000009002984168009808430090B0
:103A40000098039909688860FFE70399012081F8CD
:103A50003D00FFE70399002081F83C00FFE70020CC
:103A60008DF81300FFE79DF8130005B070470000C4
:103A700080B584B0039003980068B0F1804F59D1AD
:103A8000FFE70398002100F00DFE0290029844F237
:103A9000A011C2F200010968884209D3FFE7029829
:103AA00044F2A011C2F200010968401A019008E036
:103AB00044F2A010C2F2000001680298401A01907E
:103AC000FFE7019840F6C511884207D3FFE741F6AA
:103AD0000801C2F200010020087024E00198B0F54E
:103AE000617F1FD3FFE7019840F63401884219D85F
:103AF000FFE741F60800C2F200000078072810DC5A
:103B0000FFE7019841F60801C2F200010B7840F28C
:103B10000002C2F2000222F8130008780130087097
:103B2000FFE7FFE7FFE7029844F2A011C2F20001AD
:103B30000860FFE704B080BD80B586B004900391B3
:103B4000029200208DF80700FFE7049890F83C00EF
:103B5000012804D1FFE702208DF8170080E00499C6
:103B6000012081F83C00FFE7FFE70298B0B9FFE7CA
:103B700004980068039B19685A68DB6805F0F0FF39
:103B800004980168886920F00C00886103988268B5
:103B90000498016888691043886156E002980428F7
:103BA00017D1FFE704980068039B19685A68DB681F
:103BB00006F04EF804980168886920F44060886136
:103BC0000398826804980168886940EA0220886145
:103BD0003AE00298082816D1FFE704980068039B92
:103BE00019685A68DB6806F069F804980168C869C2
:103BF00020F00C00C8610398826804980168C869C5
:103C00001043C8611FE002980C2817D1FFE7049801
:103C10000068039B19685A68DB6806F085F8049809
:103C20000168C86920F44060C861039882680498FC
:103C30000168C86940EA0220C86103E001208DF8EC
:103C40000700FFE7FFE7FFE7FFE7FFE70499002032
:103C500081F83C00FFE79DF807008DF81700FFE7AB
:103C60009DF8170006B080BD80B582B00090009826
:103C700020B9FFE701208DF807003FE0009890F899
:103C80003D0040B9FFE70099002081F83C00009812
:103C900000F038F8FFE70099022081F83D00009914
:103CA00051F8040B05F01AFD0099012081F8460037
:103CB000FFE70099012081F83E00009981F83F005C
:103CC000009981F84000009981F84100FFE7FFE783
:103CD0000099012081F84200009981F84300009981
:103CE00081F84400009981F84500FFE70099012020
:103CF00081F83D0000208DF80700FFE79DF80700E0
:103D000002B080BD80B58AB009900020089007906D
:103D100006900590049009980068B0F1804F3BD15F
:103D2000FFE7FFE70020039043F64000C4F20200E3
:103D3000016841F001010160006800F0010003909A
:103D40000398FFE7FFE70020029043F63000C4F23B
:103D50000200016841F001010160006800F001000B
:103D600002900298FFE701200490022105910021B2
:103D700000910691079108900020C4F2020004A966
:103D8000FDF74AFE009A1C2001901146FFF78EF8BD
:103D90000198FFF781F8FFE70AB080BD80B592B0C7
:103DA00010900F9100208DF83B000F9828B9FFE785
:103DB000109890F83E000B901CE00F98042805D155
:103DC000FFE7109890F83F000A9010E00F9808283D
:103DD00005D1FFE7109890F84000099004E0109892
:103DE00090F841000990FFE709980A90FFE70A98C8
:103DF0000B90FFE70B988DF833000F9828B9FFE779
:103E0000109890F8420008901CE00F98042805D103
:103E1000FFE7109890F84300079010E00F980828EB
:103E200005D1FFE7109890F84400069004E0109840
:103E300090F845000690FFE706980790FFE707987F
:103E40000890FFE708988DF832009DF833000128AC
:103E500005D1FFE79DF83200012804D0FFE70120DB
:103E60008DF84700D7E00F9828B9FFE71099022096
:103E700081F83E001EE00F98042806D1FFE7109954
:103E8000022081F83F00059012E00F98082806D123
:103E9000FFE71099022081F84000049005E0109996
:103EA000022081F841000490FFE704980590FFE7A5
:103EB0000598FFE70F9828B9FFE71099022081F8CD
:103EC00042001EE00F98042806D1FFE71099022057
:103ED00081F84300039012E00F98082806D1FFE70D
:103EE0001099022081F84400029005E01099022008
:103EF00081F845000290FFE702980390FFE70398DE
:103F0000FFE70F9801900C2825D80199DFE801F010
:103F1000072323230E232323152323231C00109878
:103F20000168C86840F00200C86018E01098016895
:103F3000C86840F00400C86011E010980168C868C3
:103F400040F00800C8600AE010980168C86840F0B6
:103F50001000C86003E001208DF83B00FFE79DF8EA
:103F60003B00002852D1FFE7109800680F9901220A
:103F700005F056FC109800680021C4F20101884247
:103F80002AD0FFE710980068B0F1804F24D0FFE7F7
:103F90001098006840F20041C4F2000188421BD032
:103FA000FFE71098006840F60001C4F20001884263
:103FB00012D0FFE71098006840F60041C4F20001FB
:103FC000884209D0FFE71098006844F20001C4F26B
:103FD0000101884212D1FFE710980068806800F064
:103FE00007000D900D98062807D0FFE7109801688C
:103FF000086840F001000860FFE706E010980168DB
:10400000086840F001000860FFE7FFE79DF83B000B
:104010008DF84700FFE79DF8470012B080BD000013
:1040200080B584B0039003980068C068029003983C
:104030000068006901909DF804008007002824D5DD
:10404000FFE79DF80800800700281DD5FFE70398CB
:1040500001686FF002000861039901200877039856
:1040600000688069800720B1FFE70398FFF700FD33
:1040700006E0039800F03AF9039800F04BFAFFE7E6
:10408000039900200877FFE7FFE79DF80400400749
:10409000002825D5FFE79DF80800400700281ED519
:1040A000FFE7039801686FF004000861039902209C
:1040B000087703980068806910F4407F04D0FFE718
:1040C0000398FFF7D5FC06E0039800F00FF903987A
:1040D00000F020FAFFE7039900200877FFE7FFE7E9
:1040E0009DF804000007002824D5FFE79DF808008C
:1040F000000700281DD5FFE7039801686FF008004E
:10410000086103990420087703980068C069800754
:1041100020B1FFE70398FFF7ABFC06E0039800F03F
:10412000E5F8039800F0F6F9FFE703990020087717
:10413000FFE7FFE79DF80400C006002825D5FFE74C
:104140009DF80800C00600281ED5FFE70398016807
:104150006FF0100008610399082008770398006841
:10416000C06910F4407F04D0FFE70398FFF780FC9C
:1041700006E0039800F0BAF8039800F0CBF9FFE7E7
:10418000039900200877FFE7FFE79DF80400C007C8
:1041900078B1FFE79DF80800C00748B1FFE7039832
:1041A00001686FF001000861039800F077FAFFE7FB
:1041B000FFE79DF804000006002810D5FFE79DF8F2
:1041C00008000006002809D5FFE7039801686FF092
:1041D000800008610398FFF7C3FBFFE7FFE79DF846
:1041E00004004006002810D5FFE79DF808004006AF
:1041F000002809D5FFE7039801686FF040000861C7
:10420000039800F07BFAFFE7FFE79DF804008006C3
:10421000002810D5FFE79DF808008006002809D582
:10422000FFE7039801686FF0200008610398FFF72B
:104230009BFBFFE7FFE704B080BD000080B58CB0BA
:104240000B9000200A9009900890079006900B9818
:10425000006840F20041C4F20001884243D1FFE708
:10426000FFE70020059043F63000C4F20200016829
:1042700041F001010160006800F00100059005981F
:10428000FFE7FFE70020049043F63000C4F202008D
:10429000016841F002010160006800F00200049032
:1042A0000498FFE7C02006900220029007900021AA
:1042B0000191089109910A900020C4F2020006A918
:1042C0000391FDF7A9FB019A029803990323069332
:1042D0000790089209920A9040F20040C4F202004E
:1042E000FDF79AFBFFE70CB080BD000081B00090A5
:1042F00001B0704780B586B004900391029200200F
:104300008DF80700FFE7049890F83C00012804D1DD
:10431000FFE702208DF8170089E00499012081F859
:104320003C00FFE7FFE7029800900C2800F2708045
:104330000099DFE801F0076D6D6D206D6D6D3A6DD0
:104340006D6D530004980068039905F085FA049890
:104350000168886940F008008861049801688869EC
:1043600020F0040088610398026904980168886954
:104370001043886150E004980068039905F0D2FA70
:1043800004980168886940F40060886104980168B5
:10439000886920F480608861039802690498016844
:1043A000886940EA0220886136E004980068039931
:1043B00005F022FB04980168C86940F00800C86154
:1043C00004980168C86920F00400C8610398026974
:1043D00004980168C8691043C8611DE0049800682A
:1043E000039905F073FB04980168C86940F4006004
:1043F000C86104980168C86920F48060C8610398A6
:10440000026904980168C86940EA0220C86103E0B3
:1044100001208DF80700FFE7FFE70499002081F8ED
:104420003C00FFE79DF807008DF81700FFE79DF8B7
:10443000170006B080BD000080B582B000900098E3
:1044400020B9FFE701208DF807003FE0009890F8C1
:104450003D0040B9FFE70099002081F83C0000983A
:1044600000F038F8FFE70099022081F83D0000993C
:1044700051F8040B05F032F90099012081F846004B
:10448000FFE70099012081F83E00009981F83F0084
:10449000009981F84000009981F84100FFE7FFE7AB
:1044A0000099012081F84200009981F843000099A9
:1044B00081F84400009981F84500FFE70099012048
:1044C00081F83D0000208DF80700FFE79DF8070008
:1044D00002B080BD82B001900198006840F20041B6
:1044E000C4F20001884212D1FFE7FFE700200090EC
:1044F00043F64000C4F20200016841F0020101608D
:10450000006800F0020000900098FFE7FFE702B0AB
:104510007047000081B0009001B0704780B58AB04C
:1045200008900791079828B9FFE7089890F83E008F
:1045300005901CE00798042805D1FFE7089890F83B
:104540003F00049010E00798082805D1FFE708987D
:1045500090F84000039004E0089890F84100039020
:10456000FFE703980490FFE704980590FFE705989C
:10457000012804D0FFE701208DF827008AE0079882
:1045800028B9FFE70899022081F83E001EE007984D
:10459000042806D1FFE70899022081F83F00029025
:1045A00012E00798082806D1FFE70899022081F851
:1045B0004000019005E00899022081F84100019037
:1045C000FFE701980290FFE70298FFE7089800686C
:1045D0000799012205F024F9089800680021C4F227
:1045E0000101884207D1FFE708980168486C40F450
:1045F00000404864FFE7089800680021C4F2010108
:1046000088422AD0FFE708980068B0F1804F24D094
:10461000FFE70898006840F20041C4F200018842B8
:104620001BD0FFE70898006840F60001C4F20001C3
:10463000884212D0FFE70898006840F60041C4F2B3
:104640000001884209D0FFE70898006844F20001A1
:10465000C4F20101884212D1FFE70898006880681F
:1046600000F0070006900698062807D0FFE7089894
:104670000168086840F001000860FFE706E008985C
:104680000168086840F001000860FFE700208DF82D
:104690002700FFE79DF827000AB080BD81B0009099
:1046A00001B0704784B003900291002001900298FD
:1046B00000900C281DD80099DFE801F0071B1B1B98
:1046C0000C1B1B1B111B1B1B160003980068406B67
:1046D00001900FE003980068806B01900AE0039856
:1046E0000068C06B019005E003980068006C0190C1
:1046F00000E0FFE7019804B07047000081B000902F
:1047000001B0704782B00190ADF8021002B070475E
:1047100081B0009001B0704780B592B011901198AF
:1047200000680068109011980068C0680F90119898
:10473000006840690E9000200D900C90109800F0D9
:104740000F000D900D9888B9FFE79DF84000800696
:1047500000280AD5FFE79DF83C008006002804D514
:10476000FFE7119805F082FB02E2FFE70D980028B1
:1047700000F0C280FFE79DF83800C00738B9FFE7B6
:10478000BDF83C0010F4907F00F0B680FFE79DF884
:104790004000C00758B1FFE79DF83D00C00730B1A9
:1047A000FFE71199486C40F001004864FFE79DF86D
:1047B0004000400700280BD5FFE79DF83800C007F0
:1047C00030B1FFE71199486C40F002004864FFE700
:1047D0009DF84000800700280BD5FFE79DF83800C2
:1047E000C00730B1FFE71199486C40F004004864FD
:1047F000FFE79DF840000007002811D5FFE79DF86E
:104800003C008006002805D4FFE79DF83800C0076B
:1048100030B1FFE71199486C40F008004864FFE7A9
:104820001198406C002866D0FFE79DF84000800694
:1048300000280AD5FFE79DF83C008006002804D533
:10484000FFE7119805F012FBFFE711980068406937
:10485000C0F380100C901198406C0007002804D41D
:10486000FFE70C9800283ED0FFE7119805F0A0FA6A
:10487000119800684069400600282FD5FFE7FFE740
:10488000FFE71198006850E8050F20F040000B90FA
:10489000FFE70B991198026842E805100028F0D153
:1048A000FFE7FFE71198C06B98B1FFE71198C16B64
:1048B00049F69550C0F6000008651198C06BFDF7E9
:1048C00067F828B1FFE71198C06B016D8847FFE7D3
:1048D00003E01198FFF71CFFFFE703E01198FFF7D3
:1048E00017FFFFE706E01198FFF712FF119900206C
:1048F0004864FFE7FFE73BE11198006B012840F0B7
:104900001781FFE79DF84000C006002840F11081A4
:10491000FFE79DF83C00C006002840F10981FFE751
:10492000FFE700200A901198006800680A9011982B
:10493000006840680A900A98FFE71198006840698B
:104940004006002840F19A80FFE71198C06B00688C
:104950004068ADF82600BDF82600002875D0FFE7B6
:10496000BDF826001199898D88426EDAFFE7BDF8FF
:1049700026001199C8851198C06BC069B0F5807F79
:1049800058D0FFE7FFE7FFE71198006850E8030FF2
:1049900020F480700890FFE708991198026842E8B7
:1049A00003100028F0D1FFE7FFE7FFE7FFE71198CA
:1049B000006850E8050F20F001000790FFE7079915
:1049C0001198026842E805100028F0D1FFE7FFE7E0
:1049D000FFE7FFE71198006850E8050F20F040005E
:1049E0000690FFE706991198026842E80510002832
:1049F000F0D1FFE7FFE71199202081F842001199DB
:104A000000200863FFE7FFE71198006850E8030FF4
:104A100020F010000590FFE705991198026842E820
:104A200003100028F0D1FFE7FFE71198C06BFCF7F7
:104A300039FFFFE71199022048631198818DC28DDB
:104A4000891A89B2FFF75EFE17E0BDF826001199BA
:104A5000898D884210D1FFE71198C06BC069B0F50D
:104A6000807F08D1FFE71199022048631198818D5A
:104A7000FFF748FEFFE7FFE7FFE779E01199888D30
:104A8000C98D401AADF812001198C08D00284ED083
:104A9000FFE7BDF81200002849D0FFE7FFE7FFE776
:104AA0001198006850E8030F20F490700390FFE71E
:104AB00003991198026842E803100028F0D1FFE73B
:104AC000FFE7FFE7FFE71198006850E8050F20F0C7
:104AD00001000290FFE702991198026842E8051070
:104AE0000028F0D1FFE7FFE71199202081F842006C
:104AF000119900200863FFE7FFE71198006850E86C
:104B0000030F20F010000190FFE70199119802684F
:104B100042E803100028F0D1FFE7FFE711990220D7
:104B200048631198BDF81210FFF7ECFDFFE71FE096
:104B30009DF84000000600280AD5FFE79DF83C00DC
:104B40000006002804D5FFE7119805F0E1FA0FE010
:104B50009DF84000400600280AD5FFE79DF83C007C
:104B60004006002804D5FFE7119805F06BF9FFE730
:104B700012B080BD80B582B00090009820B9FFE7E8
:104B800001208DF8070040E00098806908B1FFE738
:104B900000E0FFE7009890F8410040B9FFE7009976
:104BA000002081F84000009800F034F8FFE70099F9
:104BB000242081F8410000980168C86820F4005062
:104BC000C860009805F006FA00980168086920F4AA
:104BD0009040086100980168486920F02A00486107
:104BE00000980168C86840F40050C860009900202F
:104BF0004864009A202182F84110009A82F84210FD
:104C0000009948638DF80700FFE79DF8070002B0A0
:104C100080BD000080B58AB0099000200890079000
:104C20000690059004900998006841F20001C4F2D2
:104C3000010188423ED1FFE7FFE70020039043F6E1
:104C40004400C4F20200016841F0100101600068F4
:104C500000F0100003900398FFE7FFE700200290A8
:104C600043F63000C4F20200016841F00101016026
:104C7000006800F0010002900298FFE74FF4C06066
:104C800004900220059000200090069003200790D9
:104C9000072008900020C4F2020004A9FCF7BCFE23
:104CA000009A252001901146FEF700F90198FEF7C1
:104CB000F3F8FFE70AB080BD81B0009001B0704703
:104CC00080B58AB008900791ADF81A2005930020AE
:104CD0000290089890F84100202840F08180FFE77A
:104CE000079820B1FFE7BDF81A0020B9FFE70120BF
:104CF0008DF8270078E00899002048640899212061
:104D000081F84100FDF752F80290BDF81A000899A9
:104D10008884BDF81A000899C88408988068B0F59E
:104D2000805F09D1FFE70898006928B9FFE70020F4
:104D300004900798039004E00798049000200390E3
:104D4000FFE7FFE70898C08C78B3FFE70898029B5D
:104D500005996A4611608021002205F023FA40B1CE
:104D6000FFE70899202081F8410003208DF82700F3
:104D70003AE0049858B9FFE7039800886FF35F2082
:104D800008990968486003980230039008E0049885
:104D90000078089909684860049801300490FFE79A
:104DA0000899C88C0138C884CCE70898029B0599FB
:104DB0006A4611604021002205F0F4F940B1FFE796
:104DC0000899202081F8410003208DF827000BE08E
:104DD0000899202081F8410000208DF8270003E089
:104DE00002208DF82700FFE79DF827000AB080BD5C
:104DF00081B0009001B0704710B58AB070208DF876
:104E000026006946642007908860012306934B6062
:104E10000DF126000490086044F27400C2F2000014
:104E200008903C21059100220392FDF75BFEDDF81E
:104E30000CC0049A0599069BDDF81CE008988DF8D3
:104E400026C0EC46CCF808E0CCF80430CCF80020C2
:104E50000222FDF747FE0AB010BD000080B586B003
:104E6000694664208860062048600DF112000860E1
:104E700044F27400C2F200003C2103220123FDF73A
:104E80000DFC10BBFFE79DF812109DF8130040EADF
:104E9000012040F2A201C2F2000108809DF8141026
:104EA0009DF8150040EA012040F2A601C2F200017F
:104EB00008809DF816109DF8170040EA012040F286
:104EC000A401C2F200010880FFE706B080BD000027
:104ED000FFE7FEE782B0009000980068406900F4A8
:104EE00080610120B0EB912F1ED1FFE7009801688F
:104EF0006FF480604861009900200863009A2021C7
:104F000082F83D10009981F83E000099086C40F04D
:104F100004000864FFE70099002081F83C00FFE7E7
:104F200001208DF8070003E000208DF80700FFE75F
:104F30009DF8070002B0704780B588B00690ADF8C4
:104F40001610049203930698C06A029006980168AE
:104F5000086840F4806008600298082809D0FFE7DC
:104F60000298012805D0FFE7029810F5803F07D18D
:104F7000FFE706980168086840F4807008600DE05B
:104F80000698006B112807D1FFE7069801680868AA
:104F900040F48070086000E0FFE7FFE70698049B9C
:104FA00003996A4611604FF00111002200F00AFBDC
:104FB00080B1FFE7069800680068C005002805D5A5
:104FC000FFE706994FF400700864FFE703208DF8AF
:104FD0001F0082E006980069B0F5804F08D1FFE716
:104FE0009DF8160040F0010006990968086162E02A
:104FF000BDF8160000F44070C009F0300699096849
:1050000008610698049A039B0821C0F2010100F090
:105010005DFB20B1FFE701208DF81F005DE09DF8EA
:1050200016000699096808610698049A039B0221F4
:10503000C0F2010100F04AFB20B1FFE701208DF82A
:105040001F004AE0FFE700200190069800684069D1
:10505000019006980068806901900198FFE7069822
:105060000168086840F4807008600698049B039902
:105070006A4611604FF00111002200F0A3FA80B1DE
:10508000FFE7069800680068C005002805D5FFE71F
:1050900006994FF400700864FFE703208DF81F00A5
:1050A0001BE0BDF8160000F44070C009F13006990D
:1050B00009680861FFE70698049A039B0221C0F281
:1050C000010100F003FB20B1FFE701208DF81F0074
:1050D00003E000208DF81F00FFE79DF81F0008B0D7
:1050E00080BD000080B588B00690ADF8161004921F
:1050F00003930698C06A02900298082809D0FFE737
:105100000298012805D0FFE7029810F5803F07D1EB
:10511000FFE706980168086840F4807008600DE0B9
:105120000698006B122807D1FFE706980168086807
:1051300040F48070086000E0FFE7FFE70698049BFA
:1051400003996A4611604FF00111002200F03AFA0B
:1051500080B1FFE7069800680068C005002805D503
:10516000FFE706994FF400700864FFE703208DF80D
:105170001F003CE006980069B0F5804F08D1FFE7BA
:10518000BDF8160000F0FE000699096808611CE0F1
:10519000BDF8160000F44070C009F03006990968A7
:1051A00008610698049A039B0821C0F2010100F0EF
:1051B0008DFA20B1FFE701208DF81F0017E09DF860
:1051C0001600069909680861FFE70698049A039B90
:1051D0000221C0F2010100F079FA20B1FFE70120BD
:1051E0008DF81F0003E000208DF81F00FFE79DF8F9
:1051F0001F0008B080BD000080B586B0DDF824C077
:10520000DDF820C00490ADF80E10ADF80C20ADF81C
:105210000A3004980168086840F4806008600498C7
:105220000168086840F4807008600498089B099938
:105230006A4611604FF00111002200F0C3F980B1FD
:10524000FFE7049800680068C005002805D5FFE75F
:1052500004994FF400700864FFE703208DF81700ED
:10526000B7E0BDF80E0000F0FE000499096808617F
:105270000498089A099B0221C0F2010100F026FA65
:1052800020B1FFE701208DF81700A2E0FFE7002022
:105290000190049800684069019004980068806952
:1052A00001900198FFE704980899099A00F026FBFD
:1052B00080B1FFE70498006C042807D1FFE7049849
:1052C0000168086840F400700860FFE701208DF86D
:1052D00017007EE0BDF80A00012806D1FFE79DF81F
:1052E0000C0004990968086121E09DF80D000499FB
:1052F0000968086104980899099A00F0FFFA80B1DA
:10530000FFE70498006C042807D1FFE704980168C0
:10531000086840F400700860FFE701208DF817006E
:1053200057E09DF80C00049909680861FFE70498AC
:105330000899099A00F0E2FA80B1FFE70498006C3E
:10534000042807D1FFE704980168086840F400705A
:105350000860FFE701208DF817003AE00498016823
:10536000086840F4807008600498089B09996A46B0
:1053700011604FF00111002200F024F980B1FFE725
:10538000049800680068C005002805D5FFE7049967
:105390004FF400700864FFE703208DF8170018E051
:1053A0009DF80E0040F00100049909680861049816
:1053B000089A099B0221C0F2010100F087F920B18F
:1053C000FFE701208DF8170003E000208DF817009B
:1053D000FFE79DF8170006B080BD000080B586B0DD
:1053E000DDF824C0DDF820C00490ADF80E10ADF853
:1053F0000C20ADF80A3004980168086840F4807009
:1054000008600498089B09996A4611604FF00111E1
:10541000002200F0D7F880B1FFE704980068006828
:10542000C005002805D5FFE704994FF40070086413
:10543000FFE703208DF8170069E0BDF80E0000F0CB
:10544000FE000499096808610498089A099B0221E2
:10545000C0F2010100F03AF920B1FFE701208DF818
:10546000170054E0FFE700200190049800684069AD
:10547000019004980068806901900198FFE7049802
:105480000899099A00F03AFA80B1FFE70498006C95
:10549000042807D1FFE704980168086840F4007009
:1054A0000860FFE701208DF8170030E0BDF80A0022
:1054B000012806D1FFE79DF80C00049909680861EE
:1054C00021E09DF80D000499096808610498089985
:1054D000099A00F013FA80B1FFE70498006C0428E1
:1054E00007D1FFE704980168086840F4007008607D
:1054F000FFE701208DF8170009E09DF80C000499E2
:1055000009680861FFE700208DF81700FFE79DF8A4
:10551000170006B080BD000080B584B002900191F4
:105520000092FFE702980068406900F00401002043
:10553000B0EB910F3ED1FFE70298FFF7CBFC20B113
:10554000FFE701208DF80F0038E00198013080B3AB
:10555000FFE7FCF72BFC0099401A0199884203D819
:10556000FFE7019820BBFFE702980068406900F060
:1055700004010020B0EB910F19D1FFE70299002040
:105580000863029A202182F83D10029981F83E00BA
:105590000299086C40F020000864FFE7029900209F
:1055A00081F83C00FFE701208DF80F0006E0FFE7DF
:1055B000FFE7B7E700208DF80F00FFE79DF80F0029
:1055C00004B080BD80B588B0DDF828C00690059194
:1055D0008DF813200393FFE79DF8160001280CD1E6
:1055E000FFE7069800684069BDF814100840401AAB
:1055F000B0FA80F0400902900BE0069800688069DC
:10560000BDF814100840401AB0FA80F0400902902A
:10561000FFE702989DF8131088424FD1FFE70398E7
:105620000130002849D0FFE7FCF7C0FB0A99401A77
:105630000399884203D8FFE70398E8BBFFE79DF88A
:10564000160001280CD1FFE7069800684069BDF8F4
:1056500014100840401AB0FA80F0400901900BE0A5
:10566000069800688069BDF814100840401AB0FA26
:1056700080F040090190FFE701989DF813108842DF
:1056800019D1FFE7069900200863069A202182F8C5
:105690003D10069981F83E000699086C40F0200004
:1056A0000864FFE70699002081F83C00FFE701202D
:1056B0008DF81F0006E0FFE7FFE78DE700208DF87B
:1056C0001F00FFE79DF81F0008B080BD80B588B0BF
:1056D0000690059104920393FFE79DF816000128B8
:1056E0000CD1FFE7069800684069BDF81410084027
:1056F000401AB0FA80F0400902900BE0069800686A
:105700008069BDF814100840401AB0FA80F04009D2
:105710000290FFE7029800287AD1FFE70698006818
:10572000406900F480610120B0EB912F24D1FFE7A4
:1057300006980168086840F40070086006980168DF
:105740006FF480604861069900200863069A202162
:1057500082F83D10069981F83E000699086C40F0E9
:1057600004000864FFE70699002081F83C00FFE789
:1057700001208DF81F004FE004980130002846D02A
:10578000FFE7FCF713FB0399401A0499884203D8FA
:10579000FFE70498D0BBFFE79DF8160001280CD165
:1057A000FFE7069800684069BDF814100840401AE9
:1057B000B0FA80F0400901900BE00698006880691B
:1057C000BDF814100840401AB0FA80F0400901906A
:1057D000FFE70198C8B9FFE7069900200863069A19
:1057E000202182F83D10069981F83E000699086C48
:1057F00040F020000864FFE70699002081F83C0093
:10580000FFE701208DF81F0006E0FFE7FFE764E7F0
:1058100000208DF81F00FFE79DF81F0008B080BD35
:1058200080B584B0029001910092FFE70298006871
:10583000406900F040010020B0EB911F56D1FFE716
:1058400002980068406900F010010120B0EB111FC0
:105850001CD1FFE7029801686FF0100048610299BF
:1058600000200863029A202182F83D10029981F8F5
:105870003E000299086C0864FFE70299002081F855
:105880003C00FFE701208DF80F0033E0FCF78EFAB3
:105890000099401A0199884203D8FFE7019820BB7C
:1058A000FFE702980068406900F040010020B0EB7B
:1058B000911F19D1FFE7029900200863029A202165
:1058C00082F83D10029981F83E000299086C40F080
:1058D00020000864FFE70299002081F83C00FFE700
:1058E00001208DF80F0005E0FFE79FE700208DF80D
:1058F0000F00FFE79DF80F0004B080BD80B584B0B5
:10590000029001910092FFE7029800684069C1B2DD
:105910000020B0EBD11F3DD1FFE70298FFF7DAFA84
:1059200020B1FFE701208DF80F0037E0019801302A
:1059300078B3FFE7FCF73AFA0099401A01998842D8
:1059400003D8FFE7019818BBFFE702980068406999
:10595000C1B20020B0EBD11F19D1FFE7029900209E
:105960000863029A202182F83D10029981F83E00D6
:105970000299086C40F020000864FFE702990020BB
:1059800081F83C00FFE701208DF80F0006E0FFE7FB
:10599000FFE7B9E700208DF80F00FFE79DF80F0043
:1059A00004B080BD80B58AB0694664208860012358
:1059B0004B600DF12500086044F27400C2F2000053
:1059C000D0217522FCF76AFE28B9FFE79DF8250073
:1059D000682801D0FFE72FE000208DF826006946F7
:1059E000642008908860012307934B600DF1260026
:1059F0000490086044F27400C2F200000590D021C7
:105A000006916B22FDF76EF80A20FBF7E3FF049A7C
:105A100005980699079BDDF820E04FF0020C8DF801
:105A200026C0EC46CCF808E0CCF80430CCF80020D6
:105A30003722FDF757F8FFE70AB080BD80B588B080
:105A40006946642088600E2048600DF112000860ED
:105A500044F27400C2F20000D0213B220123FCF783
:105A60001DFE002843D1FFE79DF812109DF813009A
:105A700040EA012040F28001C2F2000108809DF856
:105A800014109DF8150040EA012040F28201C2F294
:105A9000000108809DF816109DF8170040EA0120CB
:105AA00040F28401C2F2000108809DF81A109DF8AE
:105AB0001B0040EA012040F29C01C2F20001088074
:105AC0009DF81C109DF81D0040EA012040F29E0147
:105AD000C2F2000108809DF81E109DF81F0040EAE8
:105AE000012040F2A001C2F200010880FFE708B0E7
:105AF00080BD000080B586B01E208DF81500694677
:105B00006420086044F27400C2F20000EE210DF13E
:105B100015020123FCF7BCFC0A20FBF75BFF002009
:105B20008DF81400FFE79DF8140005283ADCFFE724
:105B30009DF81410A02000EB41008DF81300694679
:105B400064200190086044F27400C2F200000390E7
:105B5000EE2102910DF113020123FCF799FC019A49
:105B6000029903986B461A600DF116020223FCF7A6
:105B700075FA80B9FFE79DF816109DF8170040EA06
:105B800001209DF8142040F28601C2F2000101EBD1
:105B900042014880FFE7FFE79DF8140001308DF8CF
:105BA0001400C0E706B080BD80B58AB048208DF8EB
:105BB000240069466420086044F27400C2F20000C8
:105BC000EE2109AA0123FCF763FC08B1FFE772E0AC
:105BD0000A20FBF7FFFE00208DF8240069466420B0
:105BE0000690086044F27400C2F200000890EE21B2
:105BF000079109AA0123FCF74BFC069A079908981C
:105C00006B461A600DF125020323FCF727FA80B9D1
:105C1000FFE79DF825009DF826209DF82710000439
:105C200040EA0220084440F29401C2F200010860F8
:105C3000FFE758208DF8240069466420039008602F
:105C400044F27400C2F200000590EE21049109AA0A
:105C5000019201230293FCF71BFC0A20FBF7BAFE1A
:105C6000019A029BDDF80CC0059804994FF0000ED4
:105C70008DF824E0EE46CEF800C0FCF709FC039A4C
:105C8000049905986B461A600DF125020323FCF771
:105C9000E5F980B9FFE79DF825009DF826209DF8DD
:105CA0002710000440EA0220084440F29801C2F2A2
:105CB00000010860FFE70AB080BD000080B58CB02D
:105CC00000200B900A90099008900790FFE70020B1
:105CD000069043F63000C4F20200016841F08001F2
:105CE0000160006800F0800006900698FFE7FFE77B
:105CF0000020059043F63000C4F20200016841F034
:105D000001010160006800F0010005900598FFE7BF
:105D1000FFE70020049043F63000C4F2020001685F
:105D200041F002010160006800F002000490049854
:105D3000FFE70020C4F2020003902021019101221C
:105D40000292FCF71BF8019A0299039807920891B6
:105D5000002109910A9107A9FBF75EFE0CB080BDF6
:105D600080B582B044F27400C2F20000019045F2A6
:105D70000041C4F20001016048F2A061C0F20101DB
:105D8000416000218160C1604FF480420261416145
:105D90008161C1610162FCF70FF818B1FFE7FBF701
:105DA0007DFDFFE702B080BD80B588B00021019184
:105DB00007910691059104910391029144F2C80064
:105DC000C2F200004FF080420260532242608160C4
:105DD0004FF0FF32C26001618161FDF745FF18B1EC
:105DE000FFE7FBF75BFDFFE700200690079044F21A
:105DF000C800C2F2000006A9FDF7BAFD18B1FFE71E
:105E0000FBF74CFDFFE70022029201200390049271
:105E1000059244F2C800C2F2000002A9FDF78CFE10
:105E200018B1FFE7FBF73AFDFFE708B080BD0000BF
:105E300080B58AB0002100910991089107910691DF
:105E40000591049103910291019144F21010C2F264
:105E5000000040F20042C4F200020260532242609D
:105E6000816044F61F62C26001618161FEF7E4FA5D
:105E700018B1FFE7FBF712FDFFE70020089009903B
:105E800044F21010C2F2000008A9FDF771FD18B12C
:105E9000FFE7FBF703FDFFE760200190002202927D
:105EA0000392059244F21010C2F2000001A9FEF71D
:105EB00021FA18B1FFE7FBF7F1FCFFE744F21010FD
:105EC000C2F2000001A90422FEF714FA18B1FFE79C
:105ED000FBF7E4FCFFE744F21010C2F2000001A956
:105EE0000822FEF707FA18B1FFE7FBF7D7FCFFE738
:105EF00044F21010C2F2000001A90C22FEF7FAF9D8
:105F000018B1FFE7FBF7CAFCFFE744F21010C2F23A
:105F10000000FEF793F90AB080BD000080B582B0A2
:105F200044F25810C2F20000019041F20001C4F2A4
:105F3000010101604FF41651416000218160C16090
:105F400001610C2242618161C161FEF713FE18B14B
:105F5000FFE7FBF7A3FCFFE702B080BDFFE7FEE72A
:105F600080B586B0059000200490FFE7FFE7402051
:105F7000FAF7FBF90490FFE740F20000C2F20000DC
:105F80008088ADF80E00FFE70498FAF7FCF9FFE708
:105F9000BDF80E00B0F5617F07DBFFE7BDF80E002E
:105FA00040F69901884205DBFFE74FF47A70ADF8BF
:105FB0000E00FFE7BDF80E2044F21010C2F2000000
:105FC00001900021029100F019F80198BDF80E200F
:105FD000042100F013F80198BDF80E20082100F00C
:105FE0000DF80198BDF80E200C2100F007F8029A78
:105FF00014231046114601F0F9F8B7E785B0049074
:106000000391ADF80A2004980068C06AADF8080052
:10601000BDF80A00BDF80810884205DDFFE7BDF8AD
:106020000800ADF80A00FFE7039830B9FFE7BDF8B4
:106030000A0004990968486324E00398042808D1F9
:10604000FFE7BDF80A100846049A126891630190B0
:1060500016E00398082808D1FFE7BDF80A100846A3
:10606000049A1268D163009007E0BDF80A10084650
:10607000049A126811640090FFE700980190FFE70E
:106080000198FFE705B07047FFE7FEE788B007908B
:1060900006910592079800F0070004900498C0F15B
:1060A0000700052803D3FFE70420019004E00498CB
:1060B000C0F107000190FFE70198039004980430B5
:1060C000062803D8FFE70020009003E00498033877
:1060D0000090FFE70098029006980399012202FAC7
:1060E00001F101390840029B984005999A40013A14
:1060F0001140084308B0704781B04BF68200C0F6EB
:10610000000000904BF68400C0F6000000904BF6B3
:106110008A00C0F6000000904BF68E00C0F600002A
:1061200000904BF68800C0F6000000904BF69000FF
:10613000C0F6000000904BF69200C0F60000009000
:106140004BF68C00C0F6000000904BF69400C0F6B1
:10615000000000904BF69600C0F6000000904BF651
:106160009C00C0F6000000904BF69E00C0F60000B8
:1061700000904BF69800C0F6000000904BF69A0095
:10618000C0F6000000904BF6A000C0F600000090A2
:106190004BF6A200C0F6000000904BF6A400C0F63B
:1061A000000000904BF6A600C0F6000000904BF6F1
:1061B000A800C0F6000000904BF6AA00C0F6000050
:1061C00000904BF6AC00C0F6000000904BF6AE001D
:1061D000C0F6000000904BF6B000C0F60000009042
:1061E0004BF6B200C0F6000000904BF6B400C0F6CB
:1061F000000000904BF6B600C0F6000000904BF691
:10620000B800C0F6000000904BF6BA00C0F60000DF
:1062100000904BF6BC00C0F6000000904BF6C200A8
:10622000C0F6000000904BF6C400C0F600000090DD
:106230004BF6C600C0F6000000904BF6C800C0F652
:10624000000000904BF6CE00C0F6000000904BF628
:10625000CA00C0F6000000904BF6CC00C0F600006B
:1062600000904BF6D000C0F6000000904BF6D40032
:10627000C0F6000000904BF6D200C0F6000000907F
:106280004BF6D600C0F6000000904BF6BE00C0F6FC
:10629000000000904BF6C000C0F6000000904BF6E6
:1062A000D800C0F6000000904BF6DA00C0F60000FF
:1062B00000904BF6DC10C0F6000000904BF680001A
:1062C000C0F60000009001B07047000080B500F0FB
:1062D00017F801F033FA01F06BFA01F09FFA01F0C0
:1062E000D3F901F051F901F059FB01F0A5FB01F0E0
:1062F000F3FA01F017FB00F03FF8FFF7FDFE80BD59
:1063000083B041F20040C2F2000001904FF480706F
:106310000290FFE7029848B1FFE702980138029027
:106320000199081D019000200860F3E741F2004048
:10633000C2F2000000F5806041F60001C2F20001E7
:106340000860086820F0070008604EF63470CEF24E
:10635000000000680090009800F04040B0F1404F0D
:1063600002D0FFE7FFE7FEE741F60401C2F20001B9
:106370004020086003B070477047000080B540F2CD
:10638000F560C2F200000078012813D1FFE740F267
:106390000460C2F200000078FF2808D0FFE740F256
:1063A0000461C2F20001087801300870FFE702F0D2
:1063B000B9FAFFE780BD000080B582B000200190EF
:1063C00040F2F560C2F200000078012864D1FFE7D6
:1063D000FFE74020F9F7C9FF0190FFE740F20460B2
:1063E000C2F20000007840B1FFE740F20461C2F25F
:1063F0000001087801380870FFE740F20460C2F23B
:106400000000007800283ED1FFE740F20560C2F2AC
:106410000000007898BBFFE701F0A4FB40F2856024
:10642000C2F20000027840F20871C2F2000151F895
:10643000221040F20072C2F200021160007840F2B5
:106440008461C2F200010978884214D0FFE740F26B
:106450000070C2F200000168086C0130086440F26C
:10646000AC41C2F2000108680130086002F0B4FAE1
:10647000F9F7BEFF02E002F095FAFFE702E002F052
:1064800091FAFFE702E002F08DFAFFE7FFE70198DB
:10649000F9F779FFFFE7FFE702B080BD80B540F272
:1064A000F560C2F20000007808BBFFE701F05AFB7C
:1064B00040F28560C2F20000017840F28462C2F2CC
:1064C00000021170017840F20870C2F2000050F82A
:1064D000211040F20070C2F200000160006840F23A
:1064E000F861C2F200010860F9F756FFFFE780BDCE
:1064F00081B0009001B0704780B58EB00C900B91C8
:106500000A928DF82730002006909DF82700402839
:1065100004D3FFE72A208DF837009CE0FFE74020F6
:10652000F9F723FF0690FFE740F20460C2F2000093
:10653000007848B1FFE7FFE70698F9F724FFFFE787
:106540003C208DF8370086E09DF8271040F2087057
:10655000C2F2000050F82100002873D1FFE79DF837
:10656000272040F20871C2F20001012041F8220008
:10657000FFE70698F9F707FFFFE70C980B990A9ACF
:106580000023059300F080FB059B08909DF82700F1
:1065900008996A469360536013601A4601F000FB45
:1065A0008DF81F009DF81F0090BBFFE79DF8271096
:1065B00040F20870C2F2000050F82100E0B1FFE79D
:1065C0009DF8271040F20870C2F20000049050F8C5
:1065D000210002F08BF804989DF8271050F8210054
:1065E000416D90F83A208368D0F80CC0EE46CEF8A2
:1065F00000C002F0D3FDFFE740F2F560C2F20000F8
:106600000078012803D1FFE701F05EFAFFE714E00C
:10661000FFE74020F9F7A9FE0690FFE79DF8272045
:1066200040F20871C2F20001002041F82200FFE7A9
:106630000698F9F7A8FEFFE7FFE79DF81F008DF821
:10664000370008E0FFE70698F9F79DFEFFE72820EE
:106650008DF83700FFE79DF837000EB080BD0000D1
:10666000B0B58EB08C468646169815991499139934
:106670001299CDF830E0CDF82CC00A928DF8273071
:10668000ADF82410ADF82200002005909DF82700F9
:10669000402804D3FFE72A208DF83700ACE0FFE75D
:1066A0004020F9F762FE0590FFE740F20460C2F275
:1066B0000000007848B1FFE7FFE70598F9F763FEAF
:1066C000FFE73C208DF8370096E09DF8271040F258
:1066D0000870C2F2000050F82100002840F08380CA
:1066E000FFE79DF8272040F20871C2F20001012067
:1066F00041F82200FFE70598F9F745FEFFE71398F8
:106700001499BDF8222001F069FC0C980B990A9AA3
:10671000BDF8223000F0B8FA07909DF827000799DD
:10672000139ABDF82430DDF850C0159CBDF82250F6
:10673000EE46CEF80850CEF80440CEF800C001F086
:106740002FFA8DF81B009DF81B0090BBFFE79DF80A
:10675000271040F20870C2F2000050F82100E0B1AA
:10676000FFE79DF8271040F20870C2F20000049085
:1067700050F8210001F0BAFF04989DF8271050F856
:106780002100416D90F83A208368D0F80CC0EE46A5
:10679000CEF800C002F002FDFFE740F2F560C2F261
:1067A00000000078012803D1FFE701F08DF9FFE731
:1067B00014E0FFE74020F9F7D8FD0590FFE79DF8CA
:1067C000272040F20871C2F20001002041F82200A7
:1067D000FFE70598F9F7D7FDFFE7FFE79DF81B00F6
:1067E0008DF8370008E0FFE70598F9F7CCFDFFE7E3
:1067F00028208DF83700FFE79DF837000EB0B0BDB8
:1068000081B0009001B0704780B586B08DF8160059
:106810000020029040F20460C2F20000007820B133
:10682000FFE740208DF8170010E19DF816003F2883
:1068300004D1FFE73E208DF8170007E19DF8160010
:106840003F280AD3FFE79DF81600FF2804D0FFE792
:106850002A208DF81700F9E0FFE7FFE74020F9F75D
:1068600084FD0290FFE79DF81600FF280AD1FFE79C
:1068700040F2F860C2F20000006890F83A008DF82B
:106880001600FFE79DF8161040F20870C2F20000F3
:1068900050F821000390039848B9FFE7FFE70298FA
:1068A000F9F771FDFFE743208DF81700CEE003985C
:1068B000012809D1FFE7FFE70298F9F764FDFFE738
:1068C0003D208DF81700C1E0039890F83C2090F827
:1068D0003D3040F2ED61C2F200010191885C9843C5
:1068E0008854039802F026FD0198039991F83C1012
:1068F000405C58B9FFE7039890F83E2040F2EC6105
:10690000C2F20001087890430870FFE70398C0695D
:1069100028B1FFE70398C16900F0D4FDFFE70398B1
:10692000006A28B1FFE70398016A00F0F1FDFFE774
:106930000398C06A0490049820B1FFE7049800F01F
:1069400077FEFFE7039900204863039981F8380038
:10695000039981F8390040F20560C2F20000007826
:10696000FF2808D0FFE740F20561C2F20001087875
:1069700001300870FFE7FFE70298F9F704FDFFE731
:1069800000F09EFDFFE74020F9F7EFFC0290FFE7E3
:1069900040F20560C2F20000007840B1FFE740F22B
:1069A0000561C2F20001087801380870FFE703981A
:1069B00000F050F840F6F071C2F20001087801389A
:1069C00008709DF8162040F20871C2F20001002004
:1069D00041F822000398806960B9FFE70398416994
:1069E000002088610398406940F20471C2F20001FE
:1069F000086008E00399486989694861039841691A
:106A000080698861FFE740F2FC61C2F2000108681A
:106A1000039A50610398086003994BF6A020C0F6D2
:106A200000004865FFE70298F9F7ADFCFFE740F288
:106A3000F560C2F200000078012803D1FFE701F001
:106A400043F8FFE700208DF81700FFE79DF81700D7
:106A500006B080BD81B0009001B070477047000063
:106A600080B586B08DF81700049103920020019044
:106A70009DF8170040280AD3FFE79DF81700FF286C
:106A800004D0FFE703992A20087065E0FFE7049827
:106A900020B9FFE703990C2008705DE040F2046024
:106AA000C2F20000007820B1FFE7039912200870BD
:106AB00052E0FFE74020F9F758FC0190FFE79DF80E
:106AC0001700FF280AD1FFE740F2F860C2F2000089
:106AD000006890F83A008DF81700FFE79DF817104E
:106AE00040F20870C2F2000050F8210002900298B3
:106AF00048B9FFE7FFE70198F9F745FCFFE703997D
:106B00004320087028E00298012809D1FFE7FFE739
:106B10000198F9F738FCFFE70399432008701BE060
:106B2000049802994865029868B1FFE70298416DA0
:106B300090F83A208368D0F80CC0EE46CEF800C03A
:106B400002F022FCFFE7FFE70198F9F71CFCFFE7E2
:106B5000039900200870FFE706B080BD81B0009067
:106B600001B070477047000080B588B08DF81E00F6
:106B70000691002001909DF81E0040280AD3FFE7EF
:106B80009DF81E00FF2804D0FFE72A208DF81F0083
:106B900075E0FFE7069820B9FFE709208DF81F0090
:106BA0006DE006990020086006994860FFE74020E4
:106BB000F9F7DBFB0190FFE79DF81E00FF280AD1E3
:106BC000FFE740F2F860C2F20000006890F83A0077
:106BD0008DF81E00FFE79DF81E1040F20870C2F20B
:106BE000000050F821000590059848B9FFE7FFE73D
:106BF0000198F9F7C8FBFFE743208DF81F003EE03E
:106C00000598012809D1FFE7FFE70198F9F7BBFBD9
:106C1000FFE743208DF81F0031E00598008AC00788
:106C200048B9FFE7FFE70198F9F7ADFBFFE745201B
:106C30008DF81F0023E0002003900598C0680290A3
:106C4000059880680490FFE70198F9F79CFBFFE73F
:106C5000FFE70498011D0491006820B9FFE703983D
:106C600001300390F5E703980699086002980399AC
:106C7000401A0699486000208DF81F00FFE79DF834
:106C80001F0008B080BD000085B0049003910292FF
:106C9000ADF80630029804300090009820F007000C
:106CA00000900098043800900099081F00904FF061
:106CB000007041F8040C0099081F00900020C4F2F5
:106CC000701041F8040C0099081F00900020C4F2D5
:106CD000601041F8040C0099081F00900020C4F2D5
:106CE000501041F8040C0099081F00900020C4F2D5
:106CF000401041F8040C0099081F00900020C4F2D5
:106D0000301041F8040C0099081F00900020C4F2D4
:106D1000201041F8040C0099081F00900020C4F2D4
:106D2000101041F8040C0099081F00904FF08240A9
:106D300041F8040C0099081F00900020C4F2E00004
:106D400041F8040C0099081F00900020C4F2C00014
:106D500041F8040C0099081F00900020C4F2A00024
:106D600041F8040C0099081F00904FF0814041F851
:106D7000040C0099081F00900020C4F2400041F864
:106D8000040C0099081F00904FF0804041F8040C5B
:106D90000099081F00904FF07E5041F8040C0099B4
:106DA000081F0090002041F8040C0099081F009073
:106DB0004FF0807041F8040C049800990A1F00926B
:106DC00041F8040C0099081F009047F6F950C0F6EE
:106DD000000041F8040C0099081F00904FF0123099
:106DE00041F8040C0099081F00904FF0033041F85F
:106DF000040C0099081F00904FF0023041F8040C79
:106E00000099081F00904FF0013041F8040C0398DE
:106E100000990A1F009241F8040C0099081F009085
:106E20006FF0120041F8040C0099081F00904FF019
:106E3000113041F8040C0099081F00904FF01030F9
:106E400041F8040C0099081F00904FF0093041F8F8
:106E5000040C0099081F00904FF0083041F8040C12
:106E60000099081F00904FF0073041F8040C00997A
:106E7000081F00904FF0063041F8040C0099081FDD
:106E800000904FF0053041F8040C0099081F009065
:106E90004FF0043041F8040C0099081F00900020C6
:106EA000C4F2F81041F8040C0099081F009000206B
:106EB000C4F2F01041F8040C0099081F0090002063
:106EC000C4F2E81041F8040C0099081F009000205B
:106ED000C4F2E01041F8040C0099081F0090002053
:106EE000C4F2D81041F8040C0099081F009000204B
:106EF000C4F2D01041F8040C0099081F0090002043
:106F0000C4F2C81041F8040C0099081F009000203A
:106F1000C4F2C01041F8040C0099081F0090002032
:106F2000C4F2B81041F8040C0099081F009000202A
:106F3000C4F2B01041F8040C0099081F0090002022
:106F4000C4F2A81041F8040C0099081F009000201A
:106F5000C4F2A01041F8040C0099081F0090002012
:106F6000C4F2981041F8040C0099081F009000200A
:106F7000C4F2901041F8040C0099081F0090002002
:106F8000C4F2881041F8040C0099081F00904FF0DB
:106F9000834041F8040C009805B0704780B584B078
:106FA0008DF80E00002000909DF80E003F2804D1BF
:106FB000FFE747208DF80F0099E09DF80E003F286D
:106FC0000AD3FFE79DF80E00FF2804D0FFE72A2030
:106FD0008DF80F008BE0FFE7FFE74020F9F7C5F9D8
:106FE0000090FFE79DF80E00FF280DD1FFE740F26B
:106FF000F860C2F20000006890F83A008DF80E00C8
:1070000001208DF80D0014E09DF80E0040F2F861AB
:10701000C2F20001096891F83A10884204D1FFE7F2
:1070200001208DF80D0003E000208DF80D00FFE732
:10703000FFE79DF80E1040F20870C2F2000050F811
:1070400021000290029848B9FFE7FFE70098F9F79E
:107050009AF9FFE748208DF80F0048E002980128D0
:1070600009D1FFE7FFE70098F9F78DF9FFE7432023
:107070008DF80F003BE0029890F83C008DF8070077
:10708000029890F83D309DF8072040F2ED60C2F282
:107090000000815C994381549DF80710405C58B909
:1070A000FFE7029890F83E2040F2EC61C2F2000146
:1070B000087890430870FFE7029991F8380040F093
:1070C000080081F83800FFE70098F9F75CF9FFE75E
:1070D000029802F02FF99DF80D00012803D1FFE777
:1070E00000F0F2FCFFE700208DF80F00FFE79DF8AD
:1070F0000F0004B080BD000080B582B040F2F8609F
:10710000C2F2000000680068F9F720F940F2007050
:10711000C2F200000190006802F020F901980068B6
:107120000068F9F71CF902B080BD000080B584B09A
:1071300003900020019040F20460C2F20000007849
:1071400008B1FFE74FE040F20560C2F200000078AE
:1071500008B1FFE747E00398002844D0FFE7FFE7C6
:107160004020F9F702F90190FFE740F2F860C2F21F
:107170000000016891F83C108DF80B10016891F83F
:107180003DC09DF80B3040F2ED62C2F20002009269
:10719000D15C21EA0C01D154006802F0CBF80098D0
:1071A0009DF80B10405C78B9FFE740F2F860C2F23E
:1071B0000000006890F83E2040F2EC61C2F200014D
:1071C000087890430870FFE7039840F2F861C2F234
:1071D000000109684863FFE70198F9F7D4F8FFE771
:1071E00000F072FCFFE704B080BD000080B584B001
:1071F0008DF80E008DF80D108DF80C20ADF80A30CA
:1072000040F20460C2F20000007820B1FFE7552090
:107210008DF80F0062E040F20560C2F200000078D5
:1072200020B1FFE732208DF80F0057E09DF80E00E7
:1072300098B9FFE79DF80D0070B9FFE79DF80C00C5
:1072400048B9FFE7BDF80A0020B9FFE754208DF8E0
:107250000F0043E0FFE7FFE7FFE79DF80D003C2844
:1072600004D3FFE751208DF80F0037E09DF80C00A4
:107270003C2804D3FFE752208DF80F002EE0BDF824
:107280000A00B0F57A7F04D3FFE753208DF80F0092
:1072900024E09DF80E004FF4616148439DF80D1005
:1072A000C1EB011100EB81009DF80C100844642231
:1072B0005043BDF80A10514301F5FA7141F26F22B3
:1072C000C0F28302A1FB022100EB51000190019862
:1072D000FFF72CFF00208DF80F00FFE79DF80F004F
:1072E00004B080BD80B582B000200090FFE7402050
:1072F000F9F73BF80090FFE741F2FC30C2F20000E2
:1073000000680190FFE70098F9F73DF8FFE7019862
:1073100002B080BD80B584B00020019000F0B8F8C4
:10732000FFE74020F9F721F80190FFE741F2FC3038
:10733000C2F200000168013101600168212001F002
:1073400091FBFFE70198F9F71EF8FFE740F2F560BF
:10735000C2F200000078012840F09780FFE741F278
:10736000F830C2F2000000780146009140B1FFE71A
:107370000098012808D0FFE70098022808D010E004
:1073800001208DF80B0016E000208DF80B0012E0B4
:1073900001208DF80B0041F2F831C2F200010870B3
:1073A00009E001208DF80B0041F2F831C2F2000132
:1073B00000200870FFE79DF80B0008B9FFE764E0C4
:1073C00040F20470C2F2000000680390FFE70398E7
:1073D00090F83A003F2857D0FFE7FFE74020F8F742
:1073E000C4FF0190FFE70398406B002843D0FFE7FC
:1073F0000399486B013848630398406BD0BBFFE7A3
:10740000039890F8380010F0370F0CD0FFE703997D
:1074100091F8380000F0C80081F838000399012085
:1074200081F8390004E00399002081F83900FFE772
:10743000039890F83800000700281AD4FFE7039853
:1074400090F83E2040F2EC61C2F20001087810434F
:107450000870039890F83C2090F83D3040F2ED61C0
:10746000C2F20001885C18438854039801F04EFF73
:10747000FFE7FFE7FFE7039840690390FFE7019804
:10748000F8F781FFFFE7A2E7FFE704B080BD000047
:107490007047000080B582B0FFE74020F8F765FF35
:1074A0000190FFE7FEF76AFFFFE70198F8F76BFF2F
:1074B000FFE7FFF72FFFFEF77FFF02B080BD000060
:1074C0007047000083B002900191029890F83C0050
:1074D0008DF80300029890F83D2001989DF8031064
:1074E0000144C87A9043C87201989DF8031008447B
:1074F000C07A40B9FFE7029890F83E200199887A57
:1075000090438872FFE702990020C86103B070477A
:1075100085B004900391049890F83C008DF8030026
:10752000049890F83E008DF80200049890F83D0011
:107530008DF8010003980290029800680190FFE71F
:107540000198F0B1FFE79DF8012001989DF8031024
:107550000144C87A9043C87201989DF8031008440A
:10756000C07A38B9FFE79DF802200199887A9043E4
:107570008872FFE702980430029002980068019038
:10758000DEE705B07047000080B584B040F2A85037
:10759000C2F20000502100F0EBF90020ADF80E001F
:1075A000FFE7BDF80E00032826D8FFE7BDF80E0060
:1075B0000130ADF80C00BDF80E1040F2A850C2F238
:1075C000000000EB01110291BDF80C1000EB01105E
:1075D0000190029900200870019802994860029970
:1075E0004BF6A020C0F60000C860FFE7BDF80E0013
:1075F0000130ADF80E00D4E7BDF80E1040F2A850EF
:10760000C2F2000000EB01110291029A00211170F8
:10761000029A5160029A4BF6A021C0F60001D16097
:1076200040F2A451C2F20001086004B080BD000025
:1076300085B0049004984068019004980068009018
:10764000019870B9FFE70498C06802900098029909
:107650004860009820B1FFE7009900204860FFE7EC
:107660000AE0009801990860009820B1FFE70198AE
:1076700000994860FFE7FFE704988068039003994A
:107680000020C86205B0704780B584B040F2B440B5
:10769000C2F20000F02100F06BF90020ADF80E00FE
:1076A000FFE7BDF80E0008282AD8FFE7BDF80E0056
:1076B0000130ADF80C00BDF80E0000EB400140F2C7
:1076C000B440C2F2000000EBC1010291BDF80C1001
:1076D00001EB410100EBC10001900299002008700C
:1076E00001980299486002994BF6A020C0F600006C
:1076F0004861FFE7BDF80E000130ADF80E00D0E79D
:10770000BDF80E0000EB400140F2B440C2F20000B0
:1077100000EBC1010291029A00211170029A51609E
:10772000029A4BF6A021C0F60001516140F2B0412F
:10773000C2F20001086004B080BD000041F2FC31DB
:10774000C2F200010020086040F20461C2F20001B0
:10775000087040F20561C2F20001087040F6F07155
:10776000C2F20001087040F2F561C2F20001087037
:1077700040F2AC41C2F20001086040F2F851C2F29E
:107780000001086040F20061C2F20001086040F2AE
:10779000FC51C2F20001086040F2F661C2F2000141
:1077A000087041F2F411C2F2000108707047000045
:1077B00081B040F2EC61C2F20001002008708DF847
:1077C0000300FFE79DF8030007280FD8FFE79DF8A7
:1077D000032040F2ED61C2F2000100208854FFE76F
:1077E0009DF8030001308DF80300EBE740F284615F
:1077F000C2F200010020087040F28561C2F200016F
:10780000087040F20071C2F20001086040F2F861B5
:10781000C2F20001086001B07047000080B584B07A
:1078200040F60800C2F200004FF4FD6100F0A0F83D
:1078300040F20870C2F200004FF4807100F098F836
:1078400000208DF80F00FFE79DF80F00142824D8C2
:10785000FFE79DF80F0001308DF80E009DF80F0036
:1078600040F60802C2F200025C2110FB01200290E7
:107870009DF80E0010FB01200190019802994861CB
:1078800002994BF6A020C0F600004865FFE79DF87E
:107890000F0001308DF80F00D6E79DF80F1040F66D
:1078A0000800C2F200005C2211FB02010291029A60
:1078B00000215161029B4BF6A022C0F600025A65DE
:1078C00040F20472C2F20002116040F2FC61C2F2A6
:1078D0000001086004B080BD80B588B06B4603200D
:1078E00018610021D9608020986040F6F470C2F2DF
:1078F000000058604FF6FF721A6000F5FE7247F6FE
:10790000C150C0F600003F230693FEF7A9FE06987B
:107910004BF6A221C0F600010DF11F02FFF7A0F8FF
:1079200008B080BD80B588B06B4603201861002187
:10793000D9608020986041F2F810C2F200005860CF
:107940004FF6FE721A6000F5FE7247F61160C0F63F
:1079500000003E230693FEF783FE06984BF6BA21FD
:10796000C0F600010DF11F02FFF77AF808B080BDE4
:1079700082B00190ADF80210FFE7BDF8020058B1E7
:10798000FFE70199481C019000200870BDF8020033
:107990000138ADF80200F0E702B0704780B582B060
:1079A00040F20C60C2F200007821FFF7E1FF0020F6
:1079B000ADF80200FFE7BDF80200032821D8FFE779
:1079C000BDF8020000EB400140F20C60C2F2000082
:1079D00000EBC1010191BDF8021001EB410100EB88
:1079E000C10018300199486001994BF6A020C0F6FB
:1079F00000004861FFE7BDF802000130ADF8020069
:107A0000D9E7BDF8020000EB400140F20C60C2F281
:107A1000000000EBC1010191019A00215160019A1F
:107A20004BF6A021C0F60001516140F20861C2F29C
:107A30000001086002B080BD80B584B040F28C6067
:107A4000C2F200006021FFF793FF0020ADF80E00A6
:107A5000FFE7BDF80E00022821D8FFE7BDF80E00B1
:107A60000130ADF80C00BDF80E0000EB400140F213
:107A70008C60C2F2000000EBC1010291BDF80C1055
:107A800001EB410100EBC1000190019802990860EF
:107A9000FFE7BDF80E000130ADF80E00D9E7BDF8E4
:107AA0000E0000EB400140F28C60C2F2000000EBDF
:107AB000C1010291029A0021116040F28861C2F274
:107AC0000001086004B080BD80B582B00020019044
:107AD000FFE74020F8F749FC0190FFE740F204601F
:107AE000C2F200000078B0BBFFE740F20560C2F2CE
:107AF0000000007870BBFFE700F034F840F28560CA
:107B0000C2F20000027840F20871C2F2000151F89E
:107B1000221040F20072C2F200021160007840F2BE
:107B20008461C2F200010978884212D0FFE740F276
:107B30000070C2F200000168086C0130086440F275
:107B4000AC41C2F20001086801300860F8F750FC4F
:107B5000FFE7FFE7FFE7FFE70198F8F714FCFFE70F
:107B600002B080BD81B040F2EC60C2F2000001784A
:107B70004BF6DC00C0F60000415C8DF803109DF868
:107B8000031040F2ED62C2F20002525C805C00EB36
:107B9000C10040F28561C2F20001087001B0704777
:107BA00080B588B084460C98DDF82CE0DDF828E03C
:107BB0008DF81EC006910592ADF81230ADF8100098
:107BC00000200290FFE74020F8F7CFFB0290FFE78C
:107BD00040F2FC60C2F200000068039003980028A5
:107BE00000F0E180FFE70398406940F2FC61C2F2D7
:107BF00000010860FFE70298F8F7C5FBFFE7069869
:107C0000039908609DF81E00039981F83A000399D2
:107C10000020009081F83800039981F83900039919
:107C200048630B99039A51600A99039AD1600599A8
:107C3000039A9160BDF81010039A1182BDF81210DA
:107C4000039A5182039981F83F009DF81E10C908DC
:107C5000039A82F83C109DF81E1001F00701039A68
:107C600082F83B10039B93F83C20012101FA02F2B9
:107C700083F83E20039A92F83B30994082F83D10F9
:107C80000399C86103990862039948620399C8621D
:107C90000399886203990864039988640399486486
:107CA0000399C86403990865039A4BF6A021C0F6AE
:107CB000000151658DF80700FFE79DF8070070B9D6
:107CC000FFE703989DF8071000EB8101002088650D
:107CD000FFE79DF8070001308DF80700EDE70398F6
:107CE000FEF706FCFFE74020F8F73FFB0290FFE7B6
:107CF00003989DF81E2040F20871C2F2000141F87D
:107D00002200FFE70298F8F73EFBFFE70398FEF733
:107D100077FDFFE74020F8F728FB0290FFE740F2ED
:107D20000470C2F200000168039A5161039A0021B5
:107D30009161006840B1FFE7039840F20471C2F21C
:107D4000000109688861FFE7039840F20471C2F2FC
:107D500000010860039890F83E2040F2EC61C2F206
:107D60000001087810430870039890F83C2090F8C0
:107D70003D3040F2ED61C2F20001885C1843885446
:107D800040F6F071C2F200010878013008700398E3
:107D900001F0BCFAFFE70298F8F7F5FAFFE70020D8
:107DA0008DF81F0008E0FFE70298F8F7ECFAFFE70C
:107DB00042208DF81F00FFE79DF81F0008B080BD2E
:107DC00080B582B0019000200090FFE7FFE74020DF
:107DD000F8F7CBFA0090FFE740F2F851C2F2000149
:107DE000086801300860FFE70098F8F7CCFAFFE771
:107DF000FEF734FEEAE7000080B540F2F860C2F218
:107E000000000068FEF7AAFEFF20FEF7FDFC80BD23
:107E100080B584B0039000200190FFE740F2F66047
:107E2000C2F20000007820B9FFE71420FFF77EF9C6
:107E3000F4E740F2FC50C2F20000016848F21F5221
:107E4000C5F2EB12A1FB022149090160006850B99B
:107E5000FFE740F2A841C2F2000100200870FF20B5
:107E6000FFF79CF8FFE7FFE74020F8F77EFA019064
:107E7000FFE740F2FC50C2F2000000686421484372
:107E800040F2F851C2F200010860FFE70198F8F7EC
:107E90007AFAFFE7FFE70120FFF748F9FFE7402004
:107EA000F8F763FA0190FFE740F2F851C2F20001DF
:107EB00000200860FFE70198F8F765FAFFE70A205D
:107EC000FFF734F9FFE74020F8F74FFA0190FFE79A
:107ED00040F2F850C2F20000006840F20061C2F2C5
:107EE00000010860FFE70198F8F74DFAFFE740F25C
:107EF0000060C2F20000006840F2FC51C2F20001D2
:107F00000968B0FBF1F0C0F164008DF80B009DF939
:107F10000B00002808D4FFE79DF80B0040F2A841B1
:107F2000C2F20001087017E040F2A841C2F200015D
:107F30000020087040F20060C2F20000006848F2C1
:107F40001F51C5F2EB11A0FB0110400940F2FC519A
:107F5000C2F200010860FFE7FEF704FE00F002F83D
:107F600099E7000080B584B000208DF80200FFE79B
:107F70009DF802003F282ED8FFE79DF8020001A9D6
:107F8000FEF7F2FD8DF803009DF80300E0B9FFE76E
:107F90009DF8021040F20870C2F2000050F8210073
:107FA0000390039878B1FFE7039801280AD0FFE710
:107FB00003998868CA6800EB8200C8640298039934
:107FC0000865FFE7FFE7FFE7FFE79DF802000130E4
:107FD0008DF80200CCE704B080BD000083B00290B1
:107FE0000191ADF80220BDF80200C007A8B1FFE77B
:107FF000BDF80200800700280ED5FFE7FFE70198D3
:1080000048B1FFE70198013801900299081D0290DC
:1080100000200860F3E7FFE7FFE703B070470000C8
:1080200080B588B00790069105920493FFE742F26D
:108030002460C2F20000019001980078532803D018
:10804000FFE702F019FAFFE7FFE7EFF311804FF0C7
:10805000200181F31188009042F22460C2F20000F6
:10806000029000200390FFE70298039901EB410181
:1080700000EBC100C06908B9FFE709E003980130CF
:108080000390FFE70398029909698842ECDBFFE758
:10809000039802990969884232DAFFE70798029942
:1080A000039A02EB420201EBC20188610698029931
:1080B000039A02EB420201EBC201C86105980299E2
:1080C000039A02EB420201EBC20108620298039993
:1080D00001EB410100EBC101002088620299039A83
:1080E00002EB420201EBC201486204980299039A32
:1080F00002EB420201EBC201C862BFF35F8F03E0F3
:108100004FF0FF300390FFE7009880F31188039849
:1081100008B080BD80B58AB0DDF830C00990089104
:1081200007920693FFE742F22460C2F20000029039
:1081300002980078532803D0FFE702F09DF9FFE78B
:10814000FFE742F22460C2F200000490099802287E
:108150002CD8FFE7EFF311804FF0200181F3118855
:1081600001900498099901EB410100EBC1006030D6
:108170000390099878B1FFE7089803990860079879
:108180000399486006980399886003990020086164
:108190000399C860FFE70C9803994861BFF35F8FAC
:1081A000019880F311880020059003E04FF0FF3024
:1081B0000590FFE705980AB080BD000080B58EB03D
:1081C0000D900C910B92FFE742F22460C2F2000086
:1081D000039003980078532803D0FFE702F04CF98E
:1081E000FFE7FFE70D9800EB400142F22460C2F286
:1081F000000000EBC100603005900C9806900598D7
:10820000006908900598C0680790002009900898B8
:108210000799884236D9FFE7059880680899401A7F
:108220000A900A980B99884203D2FFE70A980290B5
:1082300002E00B980290FFE702980A9005984068C8
:10824000089908440490069804990A9AF8F7CFF917
:108250000A990998084409900A99069808440690D2
:108260000A990B98401A0B900A99089808440890AC
:10827000089805998968884203D1FFE70020089093
:10828000FFE7FFE707980899401A0A900A980B99A8
:10829000884203D2FFE70A98019002E00B98019010
:1082A000FFE701980A900A98D8B1FFE7059840685F
:1082B000089908440490069804990A9AF8F797F9DF
:1082C0000A990998084409900A9906980844069062
:1082D0000A990B98401A0B900A990898084408903C
:1082E000FFE7099820B1FFE7089805990861FFE7C3
:1082F00009980EB080BD000080B58CB00A9009913D
:108300000892099807900A9800EB400142F2246015
:10831000C2F2000000EBC100183006900698006918
:1083200004900698C0680390069840680399084432
:10833000019004980399884248D8FFE7069881681D
:108340000398C043084405900598089988420FD3C4
:10835000FFE701980799089AF8F749F9BFF35F8F8B
:108360000398089908440699C86001200B904AE0D8
:10837000049905980844059005980899884224D3E3
:10838000FFE7069880680399401A029001980799C0
:10839000029AF8F72CF902990898401A0890089860
:1083A00058B1FFE706984068019001980799029A32
:1083B0001144089AF8F71BF9FFE7BFF35F8F08989D
:1083C0000699C86001200B901DE019E004990398FC
:1083D000C043084405900598089988420FD3FFE7E9
:1083E00001980799089AF8F702F9BFF35F8F03988D
:1083F000089908440699C86001200B9003E0FFE744
:1084000000200B90FFE70B980CB080BD80B540F2C8
:108410001000C2F2000001684BF6E012C0F6000244
:108420004AF61163C0F60003084600F0A7F84FF0C3
:10843000005000F0B5FD80BD80B58CB0EFF3118029
:108440004FF0200181F31188099042F6FC60C2F2DE
:10845000000002F019F90A900A980B900B98089006
:1084600042F2CC60C2F2000040680790FFE7079834
:1084700080280BD3FFE7079840F0800008994A1C3A
:10848000089208700798C0090790F0E707980899C4
:108490004A1C0892087008980B900B98069042F2BC
:1084A000CC60C2F2000080680590FFE70598802844
:1084B0000BD3FFE7059840F0800006994A1C06920E
:1084C00008700598C0090590F0E7059806994A1CC0
:1084D0000692087006980B900B98049042F2CC60BC
:1084E000C2F2000000690390FFE7039880280BD3D5
:1084F000FFE7039840F0800004994A1C049208703A
:108500000398C0090390F0E7039804994A1C049269
:10851000087004980B900B98029000200190FFE7E0
:10852000019880280BD3FFE7019840F08000029962
:108530004A1C029208700198C0090190F0E7019866
:1085400002994A1C0292087002980B900A980B99A3
:10855000182202F015FA099880F3118842F2CC60D3
:10856000C2F20000406A38B1FFE742F2CC60C2F2CA
:108570000000406A8047FFE70CB080BD80B586B040
:10858000059004910392029305980499039A029B23
:10859000EE464FF0000CCEF804C0CEF800C000F05C
:1085A00003F806B080BD000080B588B0DDF82CC0AF
:1085B000DDF828C007900691059204934BF6CF2072
:1085C000C0F60000019042F2FC61C2F200014FF4DB
:1085D000006200230393FFF723FD0199039A0346EA
:1085E00042F2CC60C2F200000290437043780376FE
:1085F000007E6B461A6042F21062C2F2000208234B
:10860000FFF788FD029903980861C860059A0A621D
:10861000079A4A60069A8A60049A4A620A9A8A62AB
:108620000B9ACA62087008B080BD000080B588B09F
:1086300007900691EFF311804FF0200181F311882C
:10864000039042F6FC60C2F2000002F01DF80490B4
:108650000498059005980290079842F2CC61C2F206
:1086600000010969401A0190FFE7019880280BD3A7
:10867000FFE7019840F0800002994A1C02920870BE
:108680000198C0090190F0E7019802994A1C0292F2
:1086900008700298059005980699802201F03EFF27
:1086A000059004980599192202F06AF9039880F35D
:1086B000118808B080BD000080B582B0EFF3118052
:1086C0004FF0200181F31188009042F6FC60C2F265
:1086D000000001F0D9FF019001991122084602F033
:1086E0004FF9009880F3118802B080BD80B586B044
:1086F0000590EFF311804FF0200181F31188029073
:1087000042F6FC60C2F2000001F0BEFF0390039845
:108710000490059842F2CC61C2F200010969401A46
:1087200005900498019005980090FFE70098802834
:108730000BD3FFE7009840F0800001994A1C01929A
:1087400008700098C0090090F0E7009801994A1C51
:10875000019208700198049003980499082202F08D
:108760000FF9029880F3118806B080BD80B586B0FD
:108770000590EFF311804FF0200181F311880290F2
:1087800042F6FC60C2F2000001F07EFF0390039805
:108790000490059842F2CC61C2F200010969401AC6
:1087A00005900498019005980090FFE700988028B4
:1087B0000BD3FFE7009840F0800001994A1C01921A
:1087C00008700098C0090090F0E7009801994A1CD1
:1087D000019208700198049003980499042202F011
:1087E000CFF8029880F3118806B080BD80B586B0BE
:1087F0000590EFF311804FF0200181F31188029072
:1088000042F6FC60C2F2000001F03EFF03900398C4
:108810000490059842F2CC61C2F200010969401A45
:1088200005900498019005980090FFE70098802833
:108830000BD3FFE7009840F0800001994A1C019299
:1088400008700098C0090090F0E7009801994A1C50
:10885000019208700198049003980499062202F08E
:108860008FF8029880F3118806B080BD80B58AB079
:1088700009900891EFF311804FF0200181F31188E6
:10888000059042F6FC60C2F2000001F0FDFE069089
:1088900006980790099842F2CC61C2F2000109697A
:1088A000401A09900798049009980390FFE70398ED
:1088B00080280BD3FFE7039840F0800004994A1CFE
:1088C000049208700398C0090390F0E70398049994
:1088D0004A1C049208700498079007980290089820
:1088E0000190FFE7019880280BD3FFE7019840F043
:1088F000800002994A1C029208700198C0090190F8
:10890000F0E7019802994A1C0292087002980790B9
:1089100006980799072202F033F8059880F311882A
:108920000AB080BD80B586B0EFF311804FF0200112
:1089300081F31188029042F6FC60C2F2000001F05F
:10894000A3FE0390039804904EF60450CEF200006C
:1089500000686FF35F2005900498019005980090DF
:10896000FFE7009880280BD3FFE7009840F08000D5
:1089700001994A1C019208700098C0090090F0E724
:10898000009801994A1C019208700198049003987C
:108990000499022201F0F4FF029880F3118806B0D6
:1089A00080BD000080B582B0EFF311804FF0200150
:1089B00081F31188009042F6FC60C2F2000001F0E1
:1089C00063FE019001990322084601F0D9FF009847
:1089D00080F3118802B080BD80B582B0EFF31180C2
:1089E0004FF0200181F31188009042F6FC60C2F242
:1089F000000001F049FE019001991222084601F0A1
:108A0000BFFF009880F3118802B080BD80B582B0AE
:108A100042F2CC60C2F20000006AB8B1FFE742F255
:108A2000CC60C2F20000006A006878B1FFE742F251
:108A3000CC60C2F20000006A00688047019100909B
:108A40000099019A0D2000F047F808E041F2040077
:108A5000CEF2000001680C2000F004F8FFE702B03D
:108A600080BD000080B588B007900691EFF31180BB
:108A70004FF0200181F31188039042F6FC60C2F2AE
:108A8000000001F001FE0490049805900598029002
:108A900006980190FFE7019880280BD3FFE7019823
:108AA00040F0800002994A1C029208700198C009A7
:108AB0000190F0E7019802994A1C0292087002980E
:108AC000059004980599079A01F05AFF039880F3DE
:108AD000118808B080BD000080B58AB00990089167
:108AE0000792EFF311804FF0200181F31188049079
:108AF00042F6FC60C2F2000001F0C6FD0590059848
:108B000006900698039008980290FFE70298802844
:108B10000BD3FFE7029840F0800003994A1C0392B0
:108B200008700298C0090290F0E7029803994A1C65
:108B30000392087003980690069801900798009099
:108B4000FFE7009880280BD3FFE7009840F08000F3
:108B500001994A1C019208700098C0090090F0E742
:108B6000009801994A1C0192087001980690059896
:108B70000699099A01F004FF049880F311880AB05D
:108B800080BD000080B58AB08DF8270044F27000E7
:108B9000C2F200000068002800F08480FFE744F281
:108BA0007000C2F200000068089000200790FFE704
:108BB00007989DF8271088420CD2FFE708980069B3
:108BC0000890089808B9FFE704E0FFE7079801302C
:108BD0000790EDE70898002858D0FFE7EFF31180E1
:108BE0004FF0200181F31188049042F6FC60C2F23C
:108BF000000001F049FD0590059806900698039045
:108C00009DF827000290FFE7029880280BD3FFE72A
:108C1000029840F0800003994A1C03920870029861
:108C2000C0090290F0E7029803994A1C0392087069
:108C30000398069006980190089880680090FFE7D6
:108C4000009880280BD3FFE7009840F0800001993E
:108C50004A1C019208700098C0090090F0E7009843
:108C600001994A1C0192087001980690069808998B
:108C70000968802201F052FC069005980699162298
:108C800001F07EFE049880F31188FFE7089840B158
:108C9000FFE70898C06820B1FFE70898C0688047E0
:108CA000FFE7FFE70AB080BD80B582B044F27000F4
:108CB000C2F200000068C0B1FFE744F27000C2F2E7
:108CC000000000680190FFE70198C06820B1FFE74D
:108CD0000198C0688047FFE7019800690190FFE7AD
:108CE00001980028F0D1FFE7FFE702B080BD000047
:108CF00080B586B0EFF311804FF0200181F3118829
:108D0000039042F6FC60C2F2000001F0BDFC04904A
:108D1000049805900598029042F21860C2F2000093
:108D200000780190FFE7019880280BD3FFE70198B6
:108D300040F0800002994A1C029208700198C00914
:108D40000190F0E7019802994A1C0292087002987B
:108D50000590049805991B2201F012FE039880F3F8
:108D6000118806B080BD000080B584B00390EFF399
:108D700011804FF0200181F31188009042F6FC60D1
:108D8000C2F2000001F080FC01900198039980225A
:108D900001F0C4FB0290019802990E2201F0F0FD4F
:108DA000009880F3118804B080BD000080B590B0B9
:108DB0000F90EFF311804FF0200181F311880C9098
:108DC00042F6FC60C2F2000001F05EFC0D900D98CE
:108DD0000E900E980B900F98006842F2CC61C2F290
:108DE00000010969401A0A90FFE70A9880280BD30E
:108DF000FFE70A9840F080000B994A1C0B9208701C
:108E00000A98C0090A90F0E70A980B994A1C0B923D
:108E100008700B980E900E9809900F988068089033
:108E2000FFE7089880280BD3FFE7089840F0800000
:108E300009994A1C099208700898C0090890F0E73F
:108E4000089809994A1C0992087009980E900E9882
:108E50000F994968202201F061FB0E900D980E9940
:108E6000092201F08DFD0D980E900E9807900F9835
:108E7000006842F2CC61C2F200010969401A069012
:108E8000FFE7069880280BD3FFE7069840F08000A4
:108E900007994A1C079208700698C0090690F0E7E7
:108EA000069807994A1C0792087007980E900E982A
:108EB00005900F98C0680490FFE7049880280BD3B2
:108EC000FFE7049840F0800005994A1C059208705D
:108ED0000498C0090490F0E7049805994A1C05928B
:108EE000087005980E900E9803900F9800690290F4
:108EF000FFE7029880280BD3FFE7029840F080003C
:108F000003994A1C039208700298C0090290F0E786
:108F1000029803994A1C0392087003980E900E98C9
:108F200001900F9840690090FFE7009880280BD3CC
:108F3000FFE7009840F0800001994A1C01920870F8
:108F40000098C0090090F0E7009801994A1C01922E
:108F5000087001980E900D980E99152201F010FDE1
:108F60000C9880F3118810B080BD000080B542F2EB
:108F7000CC60C2F20000006A80B1FFE742F2CC6030
:108F8000C2F20000006A406840B1FFE742F2CC60E4
:108F9000C2F20000006A40688047FFE780BD000021
:108FA00081B00090009842F2CC61C2F200010861E9
:108FB00001B0704780B582B041F20400CEF20000EB
:108FC000016842F2CC60C2F20000019000F020F88B
:108FD0000198406A38B1FFE742F2CC60C2F200006B
:108FE000406A8047FFE7FFF7C1FFFFF781FE42F2CB
:108FF000CC60C2F20000806A38B1FFE742F2CC6078
:10900000C2F20000806A8047FFE702B080BD000026
:1090100080B584B0039002910398007820B9FFE7EF
:1090200003990020C860FFE7039901200870EFF35F
:1090300011804FF0200181F311880190039840784E
:109040004BF6F911C0F600010A22FFF755F9019815
:1090500080F31188039801F0EBFD039801F0E0FB29
:109060000398029901F016FB04B080BD80B582B070
:1090700042F2CC60C2F20000019000F00DF80198BD
:10908000C06A38B1FFE742F2CC60C2F20000C06AA9
:109090008047FFE702B080BD80B588B00790EFF34E
:1090A00011804FF0200181F3118801900DF1130020
:1090B00004300290029803900399481C03900B20FF
:1090C0000870079841F20401CEF200010968029A83
:1090D000039B01F03FFD019880F311880799002060
:1090E000087008B080BD000080B588B00790EFF32D
:1090F00011804FF0200181F31188049042F6FC604A
:10910000C2F2000001F0C0FA05900598079980228C
:1091100001F004FA06900698039001200290FFE700
:10912000029880280BD3FFE7029840F08000039953
:109130004A1C039208700298C0090290F0E7029856
:1091400003994A1C039208700398069006980190B0
:1091500000200090FFE7009880280BD3FFE70098DD
:1091600040F0800001994A1C019208700098C009E3
:109170000090F0E7009801994A1C0192087001984C
:109180000690059806991A2201F0FAFB049880F3DC
:10919000118808B080BD00007047000080B586B01F
:1091A000DDF820C0059004918DF80F2002930598FA
:1091B00040F20871C2F20001D1F8FC1088424AD096
:1091C000FFE742F22060C2F200000068202807D3C7
:1091D000FFE74BF69630C0F60000FFF785FF3AE058
:1091E000059842F22061C2F200010A6802EB820394
:1091F00043F2E052C2F2000242F8230004980B68E6
:1092000003EB830302EB830358609DF80F000B68A8
:1092100003EB830302EB8303187202980B6803EBE2
:10922000830302EB8303D86008980B6803EB830386
:1092300002EB830210610868013008600598049908
:109240009DF80F20029BDDF820C0EE46CEF800C04E
:1092500000F03EF8FFE706B080BD000080B582B0A8
:1092600000200190FFE7019842F21C61C2F2000168
:109270000968884229D2FFE7019800EB400142F6D5
:10928000E070C2F2000000EB81008068C0B9FFE727
:10929000019800EB400242F6E070C2F2000000903C
:1092A00000EB820150F822004968FFF7BFF90098EF
:1092B000019901EB410100EB810101208860FFE78A
:1092C000FFE7019801300190CDE702B080BD0000BA
:1092D00080B58AB0DDF830C00990089107920693F6
:1092E000002005900490039002900190009009984E
:1092F00000900898019007980290069803900C98A7
:1093000004906846FFF752FD0AB080BD80B582B078
:109310000190019840F20871C2F20001D1F8FC10EE
:10932000884204D0FFE70198FFF760FAFFE702B038
:1093300080BD000080B582B00190019840F20871B4
:10934000C2F20001D1F8FC10884205D0FFE7019875
:109350000421FFF78BFAFFE702B080BD80B582B031
:109360000190019840F20871C2F20001D1F8FC109E
:10937000884204D0FFE70198FFF7F8F902E0FFF711
:109380009BF9FFE702B080BD80B586B0DDF820C054
:10939000059004918DF80F200293059840F2087112
:1093A000C2F20001D1F8FC10884264D0FFE700202F
:1093B0000190FFE7019842F22061C2F200010968C2
:1093C000884213D2FFE7019800EB800143F2E0509E
:1093D000C2F2000050F821000599884201D1FFE750
:1093E00004E0FFE7019801300190E3E7019842F2C1
:1093F0002061C2F20001096888422ED2FFE704987A
:10940000019901EB810243F2E051C2F2000101EB4C
:10941000820250609DF80F00019A02EB820201EB7C
:10942000820210720298019A02EB820201EB820220
:10943000D0600898019A02EB820201EB8201086178
:10944000059804999DF80F20029BDDF820C0EE4698
:10945000CEF800C0FFF73CFF0CE0059804999DF89A
:109460000F20029BDDF820C0EE46CEF800C0FFF7CB
:1094700095FEFFE7FFE706B080BD000080B582B033
:109480000190FFE7FCF7DAFAFBF7E8FCFCF78CFB4E
:109490000022322310461146FDF7A8FEF2E7000035
:1094A00080B588B00790F8F7B1F9FEF7AFFF40F24A
:1094B000A800C2F2000000F57F7245F66170C0F6A8
:1094C00000000021039107230193FDF715F80146E1
:1094D00001988DF81B104BF67D21C0F600010DF1AF
:1094E0001B020492FDF7BCFA039941F60C00C2F28C
:1094F000000000F57F7249F27D40C0F600000823AD
:109500000293FCF7F9FF049A014602988DF81B10AC
:109510004BF67121C0F60001FDF7A2FA039942F261
:109520001000C2F2000000F2FC524AF29920C0F68C
:10953000000009230593FCF7DFFF049A0146059814
:109540008DF81B104BF68821C0F60001FDF788FA54
:10955000FF20FDF759F908B080BD000080B582B04A
:10956000009000980138B0F1807F03D3FFE701201D
:10957000019019E0009801384EF21401CEF200017A
:1095800008604FF0FF300F2101F0F6FB4EF218019A
:10959000CEF20001002008604EF21002CEF200026E
:1095A000072111600190FFE7019802B080BD000023
:1095B00080B5F9F7E9FB42F20C00C2F20000017835
:1095C0000131017000780A2812D3FFE742F20C0142
:1095D000C2F200010020087040F2F560C2F2000003
:1095E0000078012803D1FFE7FDF754FFFFE7FFE70D
:1095F00080BD000080B594B008A83021F7F73CF892
:10960000002007900690059004900390FFE700204B
:10961000029043F64000C4F20200016841F080511C
:109620000160006800F0805002900298FFE7FFE7B9
:109630000020019047F20000C4F2000001680222FD
:1096400062F38F310160006800F44040019001989E
:10965000FFE7012008904FF48030099002200E901F
:109660004FF480000F90082010904FF4A8701190D4
:1096700004201290139008A8F9F70AFE18B1FFE72A
:10968000F8F70CF9FFE70F20039002210491002066
:1096900005904FF480520692079003A8F9F728FC32
:1096A00018B1FFE7F8F7FAF8FFE714B080BD000043
:1096B0004EF68851CEF20001086840F47000086050
:1096C0007047000080B5FCF759FE44F2C800C2F2B2
:1096D0000000FAF7A5FCFCF76FFE80BD83B0029096
:1096E000019102980068009002980021C4F20101E3
:1096F00088421DD0FFE70298B0F1804F18D0FFE7F5
:10970000029840F20041C4F20001884210D0FFE705
:10971000029840F60001C4F20001884208D0FFE739
:10972000029840F60041C4F2000188420AD1FFE7E6
:10973000009820F07000009001984168009808435C
:109740000090FFE702980021C4F20101884235D061
:10975000FFE70298B0F1804F30D0FFE7029840F267
:109760000041C4F20001884228D0FFE7029840F689
:109770000001C4F20001884220D0FFE7029840F6C1
:109780000041C4F20001884218D0FFE7029844F279
:109790000001C4F20101884210D0FFE7029844F2B0
:1097A0000041C4F20101884208D0FFE7029844F664
:1097B0000001C4F2010188420AD1FFE7009820F4B9
:1097C000407000900198C168009808430090FFE73E
:1097D000009820F0800001994969084300900198A1
:1097E00080680299C86201980068029988620298AC
:1097F0000021C4F20101884205D1FFE70198006908
:1098000002990863FFE70299086840F004000860C5
:1098100002990120486100980299086003B07047DE
:1098200084B0039002910192029800F01F01012080
:1098300088400090009A0399086A90430862019852
:10984000029901F01F0100FA01F20399086A10431E
:10985000086204B07047000085B00490039104983A
:10986000006A01900499086A20F0010008620498D7
:1098700040680090049880690290029820F070007F
:109880000290029820F00300029003980168029869
:1098900008430290019820F002000190039881682B
:1098A00001980843019004980021C4F20101884204
:1098B0000ED1FFE7019820F0080001900398C168DD
:1098C000019808430190019820F004000190FFE7FF
:1098D00004980021C4F20101884213D1FFE70098E7
:1098E00020F480700090009820F40070009003989D
:1098F00041690098084300900398816900980843E3
:109900000090FFE7009804994860029804998861E4
:10991000039840680499486301980499086205B067
:109920007047000085B0049003910498006A01908C
:109930000499086A20F010000862049840680090BA
:10994000049880690290029820F4E0400290029806
:1099500020F44070029003980168029840EA0120C8
:109960000290019820F020000190039881680198EE
:1099700040EA0110019004980021C4F201018842DC
:109980000FD1FFE7019820F0800001900398C16893
:10999000019840EA01100190019820F040000190E8
:1099A000FFE704980021C4F20101884215D1FFE7C6
:1099B000009820F480600090009820F400600090EF
:1099C00003984169009840EA8100009003988169FA
:1099D000009840EA81000090FFE7009804994860F1
:1099E00002980499886103984068049988630198F3
:1099F0000499086205B0704785B0049003910498FB
:109A0000006A01900499086A20F480700862049842
:109A1000406800900498C0690290029820F070009D
:109A20000290029820F003000290039801680298C7
:109A300008430290019820F4007001900398816817
:109A4000019840EA0120019004980021C4F201012C
:109A500088420FD1FFE7019820F40060019003983D
:109A6000C168019840EA01200190019820F48060CB
:109A70000190FFE704980021C4F20101884215D14A
:109A8000FFE7009820F480500090009820F40050E8
:109A9000009003984169009840EA011000900398F3
:109AA0008169009840EA01100090FFE7009804994E
:109AB000486002980499C861039840680499C86393
:109AC00001980499086205B07047000085B00490C1
:109AD00003910498006A01900499086A20F4805068
:109AE00008620498406800900498C0690290029847
:109AF00020F4E0400290029820F440700290039815
:109B00000168029840EA01200290019820F4005078
:109B1000019003988168019840EA0130019004980F
:109B20000021C4F2010188420BD1FFE7009820F424
:109B30008040009003984169009840EA81100090AD
:109B4000FFE700980499486002980499C861039857
:109B500040680499086401980499086205B0704748
:109B600087B006900591049203930698006A0190CD
:109B70000699086A20F00100086206988069029040
:109B8000069901200022C4F201029142009030D0D7
:109B9000FFE706990120B1F1804F009029D0FFE73F
:109BA0000699012040F20042C4F200029142009066
:109BB0001FD0FFE70699012040F60002C4F2000220
:109BC0009142009015D0FFE70699012040F600422F
:109BD000C4F20002914200900BD0FFE706984CF2CD
:109BE0000001CBF6FE710844B0FA80F04009009005
:109BF000FFE70098C00748B1FFE7029820F0030094
:109C00000290049902980843029004E0029840F000
:109C100001000290FFE7029820F0F0000290039804
:109C20000001C1B2029808430290019820F00A0096
:109C30000190059800F00A010198084301900298EC
:109C40000699886101980699086207B0704700007C
:109C500086B005900491039202930598006A0090E3
:109C60000599086A20F01000086205988069019043
:109C7000019820F4407001900399019840EA012076
:109C80000190019820F4704001900298000381B285
:109C9000019808430190009820F0A00000900498DB
:109CA00000F00A01009840EA01100090019805991F
:109CB000886100980599086206B0704786B00590E3
:109CC0000491039202930598006A00900599086A2E
:109CD00020F4807008620598C0690190019820F016
:109CE000030001900399019808430190019820F026
:109CF000F000019002980001C1B201980843019060
:109D0000009820F420600090049800F00A01009868
:109D100040EA0120009001980599C86100980599D2
:109D2000086206B07047000086B005900491039267
:109D300002930598006A00900599086A20F4805003
:109D400008620598C0690190019820F44070019064
:109D50000399019840EA01200190019820F4704095
:109D600001900298000381B2019808430190009885
:109D700020F420400090049800F00A01009840EA86
:109D80000130009001980599C86100980599086212
:109D900006B0704780B582B001900198806B00904A
:109DA00000990020C8850098FAF7B2FC02B080BD87
:109DB00084B00390FFE7FFE70398006850E8030FC3
:109DC00020F490700290FFE702990398026842E83D
:109DD00003100028F0D1FFE7FFE7FFE7FFE7039854
:109DE000006850E8050F20F001000190FFE701999D
:109DF0000398026842E805100028F0D1FFE7FFE76A
:109E00000398006B012814D1FFE7FFE7FFE70398F1
:109E1000006850E8030F20F010000090FFE7009961
:109E20000398026842E803100028F0D1FFE7FFE73B
:109E3000FFE70399202081F842000399002008637E
:109E400004B0704780B582B0019001980168C8687D
:109E500020F04000C8600199202081F8410001985D
:109E6000FAF7C6FF002002B080BD000080B586B0C2
:109E70000490002003900290049890F84200222859
:109E800040F0A080FFE704988068B0F5805F13D1B0
:109E9000FFE70498006978B9FFE70498806A0290A8
:109EA0000498006840686FF35F2002990880049965
:109EB000886A0230886223E00498806A03900498DC
:109EC0008068B0F5805F08D0FFE70498806850B9DB
:109ED000FFE70498006930B9FFE70498006840681C
:109EE0000399087007E004980068406800F07F005C
:109EF00003990870FFE70499886A01308862FFE7D8
:109F00000499C88D0138C8850004002856D1FFE7A0
:109F100004980168C86820F02000C86004980168AF
:109F2000C86820F48070C86004980168486920F00F
:109F3000010048610499202081F842000499002022
:109F400048630498006B012830D1FFE70499002092
:109F50000863FFE7FFE70498006850E8030F20F06C
:109F600010000190FFE701990498026842E803108D
:109F70000028F0D1FFE7FFE7049800680068C006FA
:109F800000280ED5FFE7FFE7002000900498006846
:109F90000068009004980068406800900098FFE70F
:109FA000FFE70498818DFAF7ADFB03E00498FAF718
:109FB00083FEFFE700208DF8170007E000208DF8F2
:109FC000170003E002208DF81700FFE79DF8170047
:109FD00006B080BD80B586B0059005980068006920
:109FE00020F44050059A1168D26810430861059921
:109FF00088680B694A69C96918431043084304908B
:10A0000005980068C06849F20C61884304990843C8
:10A0100005990968C86005980068406920F4407097
:10A02000059A11689269104348610598006841F2E9
:10A030000001C4F20101884209D0FFE705980068D9
:10A0400041F20041C4F20101884204D1FFE7F9F76F
:10A0500099F8039003E0F9F783F80390FFE7059878
:10A06000C069B0F5004F29D1FFE703981921A0FB83
:10A070000101059A1368029353685A00DB0FF6F743
:10A08000FFF90299864648F21F53C5F2EB13AEFB67
:10A090000320420910014FF0640C02FB1CEC322239
:10A0A00002EBCC02A2FB0332F82303EA521300EBCB
:10A0B0004300C2F342121044886026E0039819213D
:10A0C000A0FB0101059A1368019353689A009B0F46
:10A0D000F6F7D6F90199844648F21F52C5F2EB1201
:10A0E000ACFB02304309642003FB10CC322000EBB0
:10A0F0000C10A0FB0202F02000EA521000EB03104B
:10A10000C2F3431210448860FFE706B080BD000030
:10A1100083B00190019890F8410021283AD1FFE7DF
:10A1200001988068B0F5805F13D1FFE7019800695E
:10A1300078B9FFE70198006A0090009800886FF3F3
:10A140005F200199096848600199086A0230086235
:10A1500008E0019A106A411C1162007801990968AF
:10A160004860FFE70199C88C0138C884000468B9C9
:10A17000FFE701980168C86820F08000C860019876
:10A180000168C86840F04000C860FFE700208DF813
:10A190000B0003E002208DF80B00FFE79DF80B0099
:10A1A00003B0704780B586B0DDF820C004900391FD
:10A1B0008DF80B200193FFE704980068006803996D
:10A1C0000840401AB0FA80F040099DF80B10884210
:10A1D0004DD1FFE708980130002847D0FFE7F7F797
:10A1E000E5FD0199401A0899884203D8FFE70898CD
:10A1F00020B9FFE703208DF817003CE004980068C1
:10A20000C0684007002830D5FFE7039880282CD08D
:10A21000FFE70398402828D0FFE70498006800680B
:10A2200000F008010120B0EBD10F1DD1FFE7FFE7DF
:10A23000002000900498006800680090049800686E
:10A24000406800900098FFE70498FFF7B1FD04997B
:10A2500008204864FFE70499002081F84000FFE7E8
:10A2600001208DF8170006E0FFE7FFE7A4E70020D4
:10A270008DF81700FFE79DF8170006B080BD0000BD
:10A2800080B5FCF77BF844F25810C2F20000FAF7F0
:10A2900043FAFCF791F880BD2DE9F047C0B03F903C
:10A2A00000203E9044F25810C2F200004BF65E21AE
:10A2B000C0F6000112224FF49673FAF701FDFFE792
:10A2C000FFE74020F6F751F83E90FFE740F28000AC
:10A2D000C2F200000088ADF8560040F28200C2F2DF
:10A2E00000000088ADF8540040F28400C2F2000083
:10A2F0000088ADF8520040F29C00C2F200000088D5
:10A30000ADF8500040F29E00C2F200000088ADF8A7
:10A310004E0040F2A000C2F200000088ADF84C00F0
:10A3200040F2A200C2F200000088ADF84A0040F2FC
:10A33000A400C2F200000088ADF8480040F2A60078
:10A34000C2F200000088ADF8460040F29400C2F26C
:10A3500000000068109040F29800C2F2000000680F
:10A360000F9040F20000C2F200008088ADF83A0081
:10A37000FFE73E98F6F707F8FFE7BDF83A30BDF97A
:10A380005600BDF95420BDF952C0BDF950E0BDF9E9
:10A390004E40BDF94C50BDF94A60BDF94870BDF959
:10A3A0004680DDF84090DDF83CA069460C91C1F88C
:10A3B00028A0C1F82490C1F82080CF618E614D6142
:10A3C0000C61C1F80CE0C1F808C04A6008604BF6A7
:10A3D0000322C0F6000216A80D90A021F6F7C8F8D7
:10A3E0000D98F6F7E5F80D9982B244F25810C2F2D2
:10A3F00000004FF49673FAF763FC00224FF4FA73EF
:10A4000010461146FCF7F2FE5AE70000FFE7FEE7B0
:10A4100080B582B00190019842F2CC61C2F2000195
:10A42000884227D1FFE742F2CC62C2F20002107EDE
:10A4300042F22461C2F20001603100EB400001EB06
:10A44000C000C068127E02EB420201EBC201096942
:10A45000401A70B1FFE70198807848B9FFE7019989
:10A460000120887000F09AF8019900208870FFE7B9
:10A47000FFE7FFE702B080BD80B582B042F2246002
:10A48000C2F2000001900198A821F6F7F5F80199B1
:10A49000032008610199486101984BF6E631C0F646
:10A4A00000018161019A43F67000C2F20000D061A0
:10A4B000019A4FF400601062019A00209062019AA4
:10A4C0005062019AD062019A1166019A43F66001C6
:10A4D000C2F200015166019A102191660199086744
:10A4E0000199C86601994867BFF35F8F0090FFE745
:10A4F00000980F280ED8FFE7009A4BF6E810C0F638
:10A500000000801AC07B01998854FFE70098013051
:10A510000090EDE7BFF35F8F02B080BD86B005907D
:10A5200004910392049830B9FFE70599481C0590FF
:10A53000002008702EE0049801900598411C0591B8
:10A5400002900398812803D3FFE780200390FFE760
:10A55000FFE70399481E03900020009039B1FFE700
:10A5600004980078002818BF01200090FFE70098A9
:10A57000C00748B1FFE70498411C04910078059991
:10A580004A1C05920870E4E704980199401A029960
:10A590000870FFE7059806B07047000080B584B0EA
:10A5A00042F2CC60C2F20000007E0DF10F010122E8
:10A5B000FDF704FE02900298002863D0FFE79DF8A3
:10A5C0000F0001460191012820D0FFE701980228E1
:10A5D0001FD0FFE7019803281ED0FFE70198042849
:10A5E0001DD0FFE7019805281CD0FFE70198062839
:10A5F0001BD0FFE7019807281AD0FFE701987F28B2
:10A600002DD0FFE70198802815D029E0FEF7D2FC75
:10A6100037E0FEF72BFD34E0FEF7F8F931E0FEF706
:10A62000A5FC2EE0FDF708FF2BE0FEF761FB28E01C
:10A63000FEF73AFB25E042F2CC60C2F20000007E59
:10A640000DF10F010122FDF7B9FD0290029828B12A
:10A65000FFE79DF80F00FEF795FAFFE711E010E025
:10A660009DF80F0080280BDBFFE742F2CC60C2F2BE
:10A670000000007E0DF10F010122FDF79FFDFFE7B5
:10A68000FFE7FFE704B080BD81B00090009807307D
:10A6900001B0704780B594B013901291EFF3118020
:10A6A0004FF0200181F3118806900DF12D00043048
:10A6B00010901098119042F2CC60C2F20000006A33
:10A6C00000284FD0FFE742F2CC60C2F20000006ADF
:10A6D0000068002846D0FFE742F2CC60C2F20000DA
:10A6E000006A0068804709910890119805900898C1
:10A6F0000490FFE7049880280BD3FFE7049840F00C
:10A70000800005994A1C059208700498C0090490BD
:10A71000F0E7049805994A1C059208700598119075
:10A720001198039009980290FFE7029880280BD3B4
:10A73000FFE7029840F0800003994A1C03920870DA
:10A740000298C0090290F0E7029803994A1C03920C
:10A750000870039811901099481E10900D2001F870
:10A76000010C43E041F20400CEF2000000680790C3
:10A77000139842F2CC61C2F20001884214D0FFE784
:10A7800042F2CC60C2F20000406868B1FFE7139863
:10A79000406842F2CC61C2F200014968B0FBF1F1BD
:10A7A000079848430790FFE7119801900798009099
:10A7B000FFE7009880280BD3FFE7009840F0800067
:10A7C00001994A1C019208700098C0090090F0E7B6
:10A7D000009801994A1C01920870019811901099F3
:10A7E000481E10900C2001F8010CFFE7139842F26C
:10A7F000CC61C2F20001884207D1FFE741F20400B8
:10A80000CEF2000000681290FFE713981299109A98
:10A81000119B00F09FF9069880F3118814B080BD59
:10A8200080B596B01590EFF311804FF0200181F3C1
:10A83000118809900DF12F00043013901398149093
:10A8400014980890159840680790FFE707988028AB
:10A850000BD3FFE7079840F0800008994A1C089244
:10A8600008700798C0090790F0E7079808994A1CF4
:10A8700008920870089814901498069015988068AB
:10A880000590FFE7059880280BD3FFE7059840F077
:10A89000800006994A1C069208700598C009059028
:10A8A000F0E7059806994A1C0692087006981490DD
:10A8B00014980490159800690390FFE70398802886
:10A8C0000BD3FFE7039840F0800004994A1C0492E0
:10A8D00008700398C0090390F0E7039804994A1C94
:10A8E000049208700498149014980290002001902B
:10A8F000FFE7019880280BD3FFE7019840F0800024
:10A9000002994A1C029208700198C0090190F0E770
:10A91000019802994A1C02920870029814901498A7
:10A920001399401A0A900A98802810D3FFE70A98D2
:10A93000C00913994A1E139201F8010C0A9840F0BD
:10A94000800013994A1E139201F8010C06E00A9840
:10A9500013994A1E139201F8010CFFE71399481E40
:10A960001390182001F8010C1598C168139A149BD4
:10A9700000F0F0F8099880F3118816B080BD00004F
:10A9800080B584B003900291019201981F2812D8DB
:10A99000FFE742F2CC60C2F20000C0690199C840F2
:10A9A000C00738B1FFE742F2CC60C2F20000FFF707
:10A9B0002FFDCCE0FFE70198172807D8FFE70198A3
:10A9C00003994A1E039201F8010CB2E00298039920
:10A9D000401A00900098802810D3FFE70098C00923
:10A9E00003994A1E039201F8010C009840F0800080
:10A9F00003994A1E039201F8010C06E0009803999E
:10AA00004A1E039201F8010CFFE701987E2807D83F
:10AA1000FFE7019803994A1E039201F8010C87E0B1
:10AA200001990020B0EB913F10D1FFE70198C009D8
:10AA300003994A1E039201F8010C019840F080002E
:10AA400003994A1E039201F8010C70E0019900205D
:10AA5000B0EB515F19D1FFE70198800B03994A1EB3
:10AA6000039201F8010C0199802040EAD11003996A
:10AA70004A1E039201F8010C019840F080000399EE
:10AA80004A1E039201F8010C50E001990020B0EB3E
:10AA9000117F21D1FFE70198400D03994A1E0392CF
:10AAA00001F8010C0199802040EA9131039A531E6C
:10AAB000039302F8011C019940EAD11003994A1E40
:10AAC000039201F8010C019840F0800003994A1E9E
:10AAD000039201F8010C28E00198000F03994A1E27
:10AAE000039201F8010C0199802040EA5151039A28
:10AAF000531E039302F8011C019940EA9131039A15
:10AB0000531E039302F8011C019940EAD1100399E6
:10AB10004A1E039201F8010C019840F0800003994D
:10AB20004A1E039201F8010CFFE7FFE7FFE7FFE78A
:10AB3000FFE741F20400CEF200000168039A029B95
:10AB400042F2CC60C2F2000000F004F8FFE704B06B
:10AB500080BD000080B588B00790069105920493EF
:10AB60000020029007980078012801D1FFE715E046
:10AB70000798007808B9FFE753E0079800780228A3
:10AB80000BD1FFE70798069900F072F80798007854
:10AB9000012801D0FFE744E0FFE7FFE7069850B146
:10ABA000FFE70798C06830B9FFE7002003900698D8
:10ABB0000799C86005E006980799C968401A03908C
:10ABC000FFE70498019003980090FFE70098802821
:10ABD0000BD3FFE7009840F0800001994A1C0192D6
:10ABE00008700098C0090090F0E7009801994A1C8D
:10ABF0000192087001980490079840780599049A8A
:10AC0000521AFDF779FB0290029820B1FFE70698EF
:10AC10000799C86004E00799087801300870FFE7D9
:10AC2000FFE70798FFF7F4FB029808B080BD00002B
:10AC300080B588B00790EFF311804FF0200181F3C9
:10AC4000118801900DF113000430029002980390D6
:10AC50000399481C03900A2008700798C168029A5B
:10AC6000039BFFF777FF019880F3118808B080BD40
:10AC700080B58CB00B900A9101208DF815000DF174
:10AC8000150001300490049803900B9840690290DD
:10AC9000FFE7029880280BD3FFE7029840F080007E
:10ACA00003994A1C039208700298C0090290F0E7C9
:10ACB000029803994A1C03920870039804900A981A
:10ACC0000B99C968401A099004980190099800905E
:10ACD000FFE7009880280BD3FFE7009840F0800042
:10ACE00001994A1C019208700098C0090090F0E791
:10ACF000009801994A1C01920870019804900B98E1
:10AD00004078049A0DF11501521AFDF7F5FA0890F2
:10AD1000089840B1FFE70A980B99C8600B9908782A
:10AD20000138087004E00B99486901304861FFE779
:10AD300008980CB080BD000081B08DF803009DF92B
:10AD4000030000280ED4FFE79DF9031001F01F0255
:10AD5000012090404A094EF20011CEF2000141F864
:10AD60002200FFE701B070474EF60C50CEF2000013
:10AD70000068C0F30220704782B08DF80700009190
:10AD80009DF9070000280AD4FFE7009800019DF90B
:10AD900007104EF20042CEF2000288540BE00098F9
:10ADA00000019DF8071001F00F014EF61452CEF28B
:10ADB00000028854FFE702B07047000083B00290A1
:10ADC000029800F0070000904EF60C51CEF2000100
:10ADD0000868019001984FF6FF0210400190019819
:10ADE000009A40EA02200022C0F2FA521043019079
:10ADF0000198086003B0704780B582B0FCF772FA22
:10AE0000019001984FF47A714843002102B080BD4F
:10AE100080B54BF60530C0F60000FDF7A5FF4BF6F8
:10AE20003630C0F60000FDF79FFF4BF6EF20C0F66E
:10AE30000000FDF799FF4BF6D720C0F60000FDF7A4
:10AE400093FFFEF70BFA80BD80B582B00020019021
:10AE5000FFE7019842F22061C2F2000109688842CE
:10AE60001DD2FFE7019800EB800143F2E050C2F2EF
:10AE7000000000EB810C50F82100DCF804109CF875
:10AE80000820DCF80C30DCF810C0EE46CEF800C02C
:10AE9000FEF71EFAFFE7019801300190D9E702B0F2
:10AEA00080BD000080B584B0002001900390F7F7CA
:10AEB00079FFFEF79FFBFAF701FFFAF751FFFBF767
:10AEC0002DF8FAF7B5FFFAF76FFF44F25810C2F207
:10AED00000004BF65421C0F6000109224FF47A73AA
:10AEE000F9F7EEFEFBF7F2F9019941F60C40C2F2D8
:10AEF000000000F57F7249F2A140C0F60000052372
:10AF0000FBF7FAFA8DF80B009DF80B0018B1FFE77C
:10AF1000F6F7C4FCFFE7FBF7C1FA039804B080BD65
:10AF20005FEA400C08BF91F0000F4FEA8C234FEA14
:10AF3000C12243EA51514FEA1C5018BF00F5F040BE
:10AF40004FEA300018BF41F000415FEA6C5C00F04E
:10AF50002980BCF1FF3F08BF40F080407047130CD0
:10AF600006BF12044FF0100C4FF0000C130E04BF7C
:10AF700012020CF1080C130F04BF12010CF1040CA7
:10AF8000930F04BF92000CF1020CD30F04BF5200C8
:10AF90000CF1010C11464FF00002A0F11F00A0EBD4
:10AFA0000C00704711F0004F08BF704731F00041AE
:10AFB0003FF4D5AF0B0C06BF09044FF0100C4FF057
:10AFC000000C0B0E04BF09020CF1080C0B0F04BFA0
:10AFD00009010CF1040C8B0F04BF89000CF1020C69
:10AFE000CB0F04BF49000CF1010CCCF1200322FA75
:10AFF00003F341EA030102FA0CF2A0EB0C0000F1AA
:10B000000100704723F07F4720F07F4C80EA030067
:10B0100000F00040ACEB070303F57C5303F1FF03A2
:10B020002DE9804909B44FEA144324EA03484FEA62
:10B03000154B25EA0B4E0FF2042606EB13273E783C
:10B0400003FB0667C7F5000707FB06F64FEAD6467F
:10B0500006F102064FEA543707FB066CCCF1005CA0
:10B060004FEA1C472CEA074C0CFB06F507FB06F4DD
:10B0700004EB15464FEA961649085FEA320234BFE0
:10B0800000204FF000404FEAD13706FB07FC4FEAA3
:10B090001C4C0CFB0BF7D21B03FB0CF761EB0701FD
:10B0A0000CFB0EF7B0EB074072EB17420CFB08F7F6
:10B0B00034BFA2EB0742B2EB074261EB17414FEA04
:10B0C0000C444FEA910706FB07FC4FEA1C4C0CFBB3
:10B0D0000BF7B0EBC74072EB573203FB0CF734BFF2
:10B0E000A2EBC742B2EBC74261EB57310CFB0EF744
:10B0F000B0EBC70072EB57720CFB08F734BFA2EB42
:10B10000C702B2EBC70261EB57714FEA816141EAB6
:10B1100092114FEA826242EA90124FEA806004EB99
:10B12000CC04039F4FEAD13706FB07FC4FEA1C4CC7
:10B130000CFB0BF7D21B03FB0CF761EB07010CFBBD
:10B140000EF7B0EB074072EB17420CFB08F734BF69
:10B15000A2EB0742B2EB074261EB17414FEA8C5575
:10B1600004EB9C244FEA910706FB07FC4FEA1C4CBA
:10B170000CFB0BF7B0EBC74072EB573203FB0CF73D
:10B1800034BFA2EBC742B2EBC74261EB57310CFBB5
:10B190000EF7B0EBC70072EB57720CFB08F734BF29
:10B1A000A2EBC702B2EBC70261EB57714FEA8161B4
:10B1B00041EA92114FEA826242EA90124FEA8060BD
:10B1C00015EB4C2544F100044FEAD13706FB07FC90
:10B1D0004FEA1C4C0CFB0BF7D21B03FB0CF761EB8B
:10B1E00007010CFB0EF7B0EB074072EB17420CFBAC
:10B1F00008F734BFA2EB0742B2EB074261EB1741FD
:10B200004FEA813141EA92414FEA823242EA90426A
:10B210004FEA80304FEA0C7615EB1C1544F1000420
:10B2200048EA03434EEA0B484FF0000EB2EB080C1D
:10B2300071EB030724BF624639464EEB0E0E4FF00A
:10B24000000B0018524149414BEB0B0BB2EB080CC1
:10B2500071EB03077BF1000B24BF624639464EEBCE
:10B260000E0E4FF0000B0018524149414BEB0B0BF7
:10B27000B2EB080C71EB03077BF1000B24BF6246B5
:10B2800039464EEB0E0E51EA020718BF46F0010692
:10B2900016EB0E7655F1000254F1000103D5BDE81E
:10B2A0008901BDE80088BDE88901BDE80048B619FC
:10B2B000524141EB0101A3F10103704780807F7E81
:10B2C0007D7C7B7A7978777676757473727171701C
:10B2D0006F6E6E6D6C6C6B6A6A69686867666665CE
:10B2E0006464636362616160605F5F5E5E5D5D5C5C
:10B2F0005C5B5B5A5A5959585857575656555555CD
:10B300005454535352525251515050504F4F4F4E2C
:10B310004E4D4D4D4C4C4C4B4B4B4A4A4A4949497A
:10B3200048484847474747464646454545444444BC
:10B330004443434343424242424141419C46002BE5
:10B3400030D477002BD04FEA37071CB503B44FF049
:10B3500010004FF01001BAF1000F06D0BCF1000F41
:10B36000DCBF40F0080040F008014FF000000FBCC7
:10B37000BDE810400BF1010BBBF1010F08BF5FEA04
:10B38000170722BF12F1010211F101014FF0004134
:10B3900043F1000300F0004043EA00007047F9D396
:10B3A0005708D0E746EA06464FEA164613F1400F23
:10B3B0001FDD13F1200FDFBF16430A4600212033A3
:10B3C0005B42BED0C3F1200746EA06464FEA164666
:10B3D00002FA07F746EA070622FA03F2C3F120074A
:10B3E00001FA07F742EA070221FA03F14FF00003DE
:10B3F000A7E746EA020646EA06464FEA164646EA46
:10B400000106BCBF46EA0646360C4FF000034FF07B
:10B4100000024FF0000194E72DE9804C70B49A4689
:10B42000934691E8380007C831EA400C48BF34EA37
:10B43000430C03D5FFF7E6FDFFF780FFF0BCBDE846
:10B44000008C2DE9804C70B49A46934691E8380000
:10B4500007C810F0804F08BF13F0804F03D100F0F1
:10B4600005F8FFF76BFFF0BCBDE8008C20F07F47CC
:10B4700023F07F4C80EA030000F0004007EB0C0350
:10B48000A3F57C53A3F1FE0392F0000F00F0B3800C
:10B4900095F0000F00F077802DE901494FEA114047
:10B4A00021EA00484FEA144624EA064700FB06FC5E
:10B4B00008FB06F607FB08F818EB06484CEB164CA1
:10B4C00000FB07F718EB07484CEB17404FEA124B0D
:10B4D00022EA0B4E4FEA154625EA06470BFB06FC0F
:10B4E0000EFB06F607FB0EFE1EEB064E4CEB164C53
:10B4F0000BFB07F71EEB074E4CEB174B18EB0B083B
:10B5000040F1000018EB0E0B58EB000840F1000072
:10B510008F1A4FF000014FF000063CBFC943661B75
:10B5200014BFB5EB040C00213CBFC943F61B4FEA26
:10B53000174427EA04454FEA1C472CEA074C04FB52
:10B54000076205FB07F70CFB05F616EB074642EB17
:10B55000174204FB0CFC16EB0C4642EB1C421BEBA7
:10B56000060658EB020241414EEA8E0E46EA9E065E
:10B5700001D5BDE80189B619524141EB0101A3F1A2
:10B580000103BDE801894FEA144524EA05464FEA64
:10B59000114721EA074C05FB07F406FB07F70CFBF4
:10B5A00006F111EB074144EB174405FB0CFC11EBD2
:10B5B0000C4144EB1C444FEA124722EA074C05FBBE
:10B5C00007F206FB07F70CFB06F616EB074642EB05
:10B5D000174205FB0CFC16EB0C4642EB1C456A18A7
:10B5E00054F1000148BF7047B619524141EB0101C7
:10B5F000A3F10103704795F0000F37D04FEA1142D5
:10B6000021EA02464FEA144724EA074C02FB07F1FD
:10B6100006FB07F70CFB06F414EB074441EB17415C
:10B6200002FB0CFC14EB0C4441EB1C414FEA1547A8
:10B6300025EA074C02FB07F506FB07F70CFB06F6AD
:10B6400016EB074645EB174502FB0CFC16EB0C46C8
:10B6500045EB1C42121951F1000148BF7047B61961
:10B66000524141EB0101A3F1010370474FEA144538
:10B6700024EA05464FEA114721EA074C05FB07F18A
:10B6800006FB07F70CFB06F212EB074241EB1741F2
:10B6900005FB0CFC12EB0C4251EB1C414FF0000679
:10B6A00048BF7047921841EB0101A3F101037047B5
:10B6B00003B401984100009850EAC12018BF04204B
:10B6C0004A0D18BF40F0010040F2FF72B2EB515F2B
:10B6D00008BF40F00200012808BF052002B07047F3
:10B6E00030380A2801D2012070470020704700003E
:10B6F00010B500290AD00878002807D005487844FA
:10B70000F6F736F8002801D0002010BD0248784432
:10B7100010BD0000120500000A05000010B5002948
:10B720000AD00878002807D005487844F6F720F8B2
:10B73000002801D0002010BD0248784410BD000050
:10B7400002050000FA040000F1EE100A4FF6FF7146
:10B75000C0F2C03120EA010040F04070E1EE100A72
:10B760007047F5F70FBCF5F743BD0000000000007F
:10B770000000000030313233343536373839414239
:10B780004344454640305800303132333435363743
:10B7900038396162636465664030780004000008EF
:10B7A00000000000000000020001000010303132F3
:10B7B00033343536373839616263646566787000D2
:10B7C00030313233343536373839414243444546D7
:10B7D0005850000002400000000000A000000000DF
:10B7E00005400000000000C8000000000C40000000
:10B7F0000000409C00000000194000000020BCBE7A
:10B800000000000034400000BFC91B8E000000048F
:10B81000B5400000504BCFD06607E2CF01000000DA
:10B820006C4100003E8251AADFEEA7340100000007
:10B83000D9420000DCB5A0E23A301F97FFFFFFFFBE
:10B84000B4450000FD25A0C8E9A3C14FFFFFFFFFDD
:10B85000FF3F00000000008000000000FF3F0000EC
:10B860000000008000000000000000000000000058
:10B870000102030406070809000000000102030496
:10B88000470F01007856341201000A000100010040
:10B890001800F00001001000050001001400020073
:10B8A0003F000100010005000100180078000100C0
:10B8B000040001000400180008000100040040001A
:10B8C0005C00010001000100800016000100010081
:10B8D000010001008000010064000100000001007F
:10B8E0000200010003000100020001000400010049
:10B8F0000200010003000100020001000500010038
:10B900000200010003000100020001000400010028
:10B910000200010003000100020001000600010016
:10B920000200010003000100020001000400010008
:10B9300002000100030001000200010005000100F7
:10B9400002000100030001000200010004000100E8
:10B9500002000100030001000200010007000100D5
:10B9600002000100030001000200010004000100C8
:10B9700002000100030001000200010005000100B7
:10B9800002000100030001000200010004000100A8
:10B990000200010003000100020001000600010096
:10B9A0000200010003000100020001000400010088
:10B9B0000200010003000100020001000500010077
:10B9C0000200010003000100020001000400010068
:10B9D0000200010003000100020001007472000077
:10B9E000F9AD000849AE0008000000000000545402
:10B9F0005220524547474553000000000000000018
:10BA00000000005448523A25750D0A416363656C85
:10BA10003A25642C25642C25640D0A4779726F3A07
:10BA200025642C25642C25640D0A4D61673A256434
:10BA30002C25642C25640D0A5072655F5241573ADB
:10BA4000256C752054656D5F5241573A256C750D14
:10BA50000A0D0A00424F4F54204F4B0D0A0055610A
:10BA600072745461736B2072756E6E696E670D0A25
:10BA70000053656E736F72205461736B004D6F7469
:10BA80006F72205461736B0055617274205461733E
:10BA90006B0042535020496E6974204F4B0D0A00D1
:10BAA0003F0075432F4F532D49492049646C650071
:10BAB0004D656D20426C6F636B0075432F4F532DA6
:10BAC0004949205374617400286E756C6C290053C9
:10BAD00079735669657700492335333D5553415293
:10BAE00054312028426C7565746F6F746829004961
:10BAF0002334343D54494D32202850504D20496E56
:10BB000070757429004E3D4D792075432F4F532D8C
:10BB10004949206F6E2053544D3332463430312C16
:10BB2000443D53544D3332463430312C4F3D7543F0
:10BB30004F532D494900492331353D537973546999
:10BB4000636B0053595354454D564945573A20436A
:10BB50006F756C64206E6F742072656769737465AD
:10BB600072207265736F75726365206E616D652EEC
:10BB7000204D6178696D756D206E756D62657220FE
:10BB80006F66207265736F7572636573207265618D
:10BB9000636865642E0053595354454D56494557C3
:10BBA0003A20436F756C64206E6F74207265636F0A
:10BBB0007264207461736B20696E666F726D61745C
:10BBC000696F6E2E204D6178696D756D206E756D93
:10BBD000626572206F66207461736B732072656199
:10BBE000636865642E005465726D696E616C000057
:10BBF00040BD00080000002020000000F8010008FF
:10BC000060BD0008200000208847000018020008DE
:10BC10001C00000043000000F8FFFFFF0C000000C4
:10BC20000E0000000F0000002E00000010010000B8
:10BC300043000000F8FFFFFF00404040404040400C
:10BC400040404141414141404040404040404040EF
:10BC50004040404040404040400502020202020293
:10BC600002020202020202020220202020202020E2
:10BC700020202002020202020202909090909090F6
:10BC800010101010101010101010101010101010B4
:10BC90001010101002020202020288888888888828
:10BCA0000808080808080808080808080808080814
:10BCB000080808080202020240000000000000001C
:10BCC0000000000000000000000000000000000074
:10BCD0000000000000000000000000000000000064
:10BCE0000000000000000000000000000000000054
:10BCF0000000000000000000000000000000000044
:10BD00000000000000000000000000000000000033
:10BD10000000000000000000000000000000000023
:10BD20000000000000000000000000000000000013
:10BD30000000000000000000000000000000000003
:10BD4000DC05DC05E803DC05DC05DC05DC05DC05E1
:10BD500000BD01050100000010000000000000000F
:040000050800019559
:00000001FF
